Lines,Lon,VehicleNumber,Time,Lat,Brigade
225,21.115488,1000,2024-02-16 18:43:52,52.234588,501
219,21.101074,1001,2024-02-16 21:41:03,52.223165,1
213,21.1851206,1002,2024-02-16 21:41:02,52.1560956,3
213,21.1742306,1003,2024-02-16 21:41:04,52.1868216,4
225,21.115664,1004,2024-02-16 17:39:12,52.234544,503
311,21.1181738,1005,2024-02-16 21:41:05,52.2341463,502
213,21.2079683,1006,2024-02-16 21:41:06,52.1828211,2
219,21.1215418,1007,2024-02-16 21:41:03,52.2146573,2
L-8,21.0891873,10071,2024-02-16 21:41:04,52.4143211,1
L31,21.1627878,10072,2024-02-16 21:02:03,52.4320136,1
L49,20.88492,10073,2024-02-16 21:41:07,52.4114239,1
L24,21.0753918,10074,2024-02-16 21:41:04,52.0618216,696
L-8,21.1389496,10075,2024-02-16 19:46:44,52.3829711,02
213,21.115531,1008,2024-02-15 21:37:23,52.234549,5
225,21.115476,1009,2024-02-16 18:11:21,52.234565,04
219,21.1777996,1010,2024-02-16 21:41:04,52.1842568,3
213,21.114953,1011,2024-02-14 18:50:46,52.234814,2
225,21.115668,1012,2024-02-16 09:56:21,52.234556,04
213,21.1034963,1013,2024-02-16 21:41:06,52.2221791,1
213,21.115853,1014,2024-02-16 21:33:05,52.234546,5
239,20.995775,1020,2024-02-16 20:24:30,52.188538,777
192,20.995831,1021,2024-02-16 20:00:26,52.188499,3
263,21.072769,1022,2024-02-16 21:41:03,52.179681,4
200,20.9956107,1023,2024-02-16 19:18:03,52.1884932,1
107,20.9952332,1024,2024-02-16 21:40:29,52.1882924,9
163,20.9951702,1025,2024-02-16 19:11:51,52.1882877,03
339,20.995818,1026,2024-02-16 19:59:08,52.1885322,01
208,20.9950734,1027,2024-02-16 20:09:01,52.1884405,05
108,20.9966067,1028,2024-02-16 21:41:07,52.1888501,1
164,20.9959922,1029,2024-02-16 19:51:16,52.1884926,04
192,20.995148,1030,2024-02-16 19:10:42,52.18829,06
239,20.997998,1031,2024-02-16 20:21:54,52.1862012,776
163,20.996044,1032,2024-02-16 19:38:27,52.188541,01
263,20.997938,1033,2024-02-16 13:21:18,52.185894,06
192,20.9959992,1034,2024-02-16 20:02:47,52.1885397,2
208,20.9756,1035,2024-02-16 20:51:24,52.210166,04
208,20.995893,1036,2024-02-16 20:12:04,52.188507,05
107,21.0171406,1037,2024-02-16 21:41:07,52.2292085,7
164,20.996801,1038,2024-02-16 20:31:26,52.187531,05
208,20.995438,1039,2024-02-16 15:53:52,52.187896,04
204,21.045516,1040,2024-02-16 18:17:51,52.264355,03
107,21.046568,1041,2024-02-15 07:45:40,52.263918,2
107,21.046589,1042,2024-02-16 17:02:03,52.264004,2
204,21.045121,1043,2024-02-16 20:58:36,52.264555,07
107,20.9856183,1044,2024-02-16 21:40:57,52.245585,8
204,21.046203,1045,2024-02-16 18:50:41,52.264531,06
107,21.045398,1046,2024-02-16 20:48:54,52.264866,4
204,21.046056,1048,2024-02-16 19:31:24,52.264749,04
204,21.045103,1049,2024-02-16 20:44:42,52.264613,05
228,20.980918,1050,2024-02-16 21:41:05,52.191463,2
208,20.974319,1051,2024-02-16 21:40:48,52.211828,2
228,20.89418,1052,2024-02-16 21:40:54,52.2002467,3
228,20.921395,1053,2024-02-16 04:02:41,52.196613,2
228,20.912976,1054,2024-02-16 21:40:50,52.208501,1
207,20.89825,1055,2024-02-16 21:41:01,52.1887683,2
207,20.918528,1056,2024-02-13 08:52:19,52.196728,4
207,20.8703433,1057,2024-02-16 21:41:02,52.183305,1
207,20.919635,1058,2024-02-13 07:31:20,52.1969033,3
208,20.9650883,1059,2024-02-16 21:40:58,52.215025,591
163,20.9956372,1060,2024-02-16 20:03:51,52.187999,02
339,20.995522,1061,2024-02-16 19:46:01,52.188229,02
192,20.9966684,1062,2024-02-16 20:48:54,52.1858192,1
108,21.0554496,1063,2024-02-16 21:41:07,52.1813927,399
208,20.9956437,1064,2024-02-16 20:31:02,52.1879841,06
263,20.995651,1065,2024-02-16 20:36:51,52.187962,06
107,20.97925,1066,2024-02-16 21:41:03,52.244514,1
239,20.9969744,1067,2024-02-16 19:01:21,52.187622,777
108,20.999136,1068,2024-02-16 21:41:07,52.205208,4
339,20.9955217,1069,2024-02-16 21:41:08,52.1880522,03
107,21.039111,1070,2024-02-16 21:41:08,52.2066506,6
200,20.9953705,1071,2024-02-16 21:00:02,52.1881886,2
192,20.997988,1072,2024-02-16 20:28:56,52.186131,5
208,20.996988,1073,2024-02-16 19:44:59,52.18597,03
108,21.039503,1074,2024-02-16 21:41:06,52.176414,2
108,21.022449,1075,2024-02-16 21:41:05,52.22847,5
192,20.995514,1076,2024-02-16 20:35:18,52.187958,4
108,21.0839342,1077,2024-02-16 21:41:08,52.1979689,3
107,21.0391474,1078,2024-02-16 21:41:06,52.2058199,3
107,20.997969,1079,2024-02-16 13:54:38,52.186306,1
106,21.0447535,1101,2024-02-16 19:50:36,52.2647521,09
173,21.0631831,1102,2024-02-16 21:41:02,52.2514921,10
178,21.047102,1106,2024-02-16 20:13:41,52.2646778,013
338,21.0482585,1109,2024-02-16 19:13:58,52.264106,02
173,21.1182503,1110,2024-02-16 21:41:02,52.2382525,2
169,21.044591,1112,2024-02-16 20:27:57,52.264876,4
106,21.044653,1115,2024-02-16 19:40:00,52.2647691,08
303,21.045455,1117,2024-02-16 17:38:33,52.26447,2
338,21.0446538,1118,2024-02-16 18:55:22,52.2646858,05
123,21.046176,1119,2024-02-16 17:23:09,52.264919,5
L27,21.1801651,11201,2024-02-16 20:05:07,52.4221525,1
L27,21.180585,11202,2024-02-16 19:13:18,52.421886,2
218,20.9972471,1200,2024-02-16 21:41:08,52.1833405,2
263,21.075653,1201,2024-02-16 21:41:07,52.15641,5
263,21.049034,1202,2024-02-16 21:41:03,52.178299,2
166,20.997984,1203,2024-02-16 21:41:08,52.186249,6
218,21.002349,1204,2024-02-16 21:41:07,52.1829635,5
739,20.9959609,1205,2024-02-16 19:29:25,52.1885192,013
106,21.0251972,1206,2024-02-16 21:41:08,52.2371067,6
263,21.0388404,1207,2024-02-16 21:41:05,52.1497234,1
139,21.087332,1208,2024-02-16 21:41:08,52.158806,61
319,20.995184,1209,2024-02-16 16:49:23,52.18816,03
139,21.0663657,1211,2024-02-16 21:41:08,52.1700954,62
251,21.1354294,1212,2024-02-16 21:41:07,52.0974437,65
263,21.1056159,1213,2024-02-16 21:41:07,52.1614952,3
251,21.023998,1214,2024-02-16 21:41:07,52.179565,63
218,21.024054,1216,2024-02-16 21:41:08,52.185158,1
251,21.11581,1217,2024-02-16 21:41:08,52.09882,64
118,20.995476,1218,2024-02-16 21:36:32,52.188267,4
739,20.9956811,1219,2024-02-16 20:44:40,52.1884899,014
739,20.995235,1220,2024-02-16 20:30:50,52.188255,07
106,21.01713,1221,2024-02-16 21:41:06,52.239433,4
106,20.9652879,1222,2024-02-16 21:41:08,52.2476285,2
218,21.0247332,1223,2024-02-16 21:41:08,52.1907862,3
319,20.9968672,1224,2024-02-16 20:15:51,52.1869541,08
181,20.9742833,1400,2024-02-16 21:41:01,52.2792565,4
178,21.0441878,1401,2024-02-16 21:40:57,52.2651455,012
319,21.11496,1411,2024-02-16 14:00:59,52.234493,02
173,21.1163402,1412,2024-02-16 20:59:38,52.2331404,1
119,21.205571,1413,2024-02-16 21:41:08,52.2100324,2
507,21.063057,1414,2024-02-16 21:41:07,52.228733,214
119,21.12322,1415,2024-02-16 21:41:07,52.200336,3
183,21.1026814,1416,2024-02-16 21:41:07,52.2423172,5
319,21.1163974,1417,2024-02-16 20:58:09,52.2331087,02
730,21.1156746,1418,2024-02-16 21:41:08,52.2346189,01
146,21.116421,1419,2024-02-16 20:51:12,52.23306,08
183,21.1161936,1420,2024-02-16 21:41:06,52.2331816,3
183,21.15793,1421,2024-02-16 21:41:08,52.255383,6
183,21.1383952,1422,2024-02-16 21:41:08,52.2435891,4
168,21.0949597,1424,2024-02-16 21:41:08,52.229457,1
173,21.1164632,1425,2024-02-16 20:48:41,52.2331479,012
146,21.128454,1426,2024-02-16 21:41:06,52.187286,09
147,21.051197,1427,2024-02-16 21:41:08,52.23777,5
153,21.150333,1428,2024-02-16 21:41:03,52.27055,3
183,21.191729,1429,2024-02-16 21:41:07,52.238741,2
117,21.116152,1430,2024-02-16 21:41:08,52.233253,2
240,21.0587376,1500,2024-02-16 21:41:01,52.301797,1
166,21.045908,1501,2024-02-16 21:41:03,52.1875071,2
118,21.0241131,1502,2024-02-16 21:41:07,52.2238816,3
169,21.0326363,1505,2024-02-16 21:40:58,52.2937325,2
170,21.0443976,1506,2024-02-16 20:08:25,52.2647371,2
156,21.044317,1508,2024-02-16 20:41:22,52.2649425,06
126,21.0567715,1509,2024-02-16 21:41:02,52.3019088,3
303,21.045286,1513,2024-02-16 18:34:48,52.264483,1
107,21.0850891,1519,2024-02-16 21:41:07,52.1937525,5
147,21.16695,1520,2024-02-16 21:41:05,52.20452,4
119,21.003555,1521,2024-02-16 21:40:54,52.202205,4
702,21.117866,1522,2024-02-16 17:32:36,52.233628,03
702,21.115776,1523,2024-02-16 21:27:24,52.233243,2
147,21.117278,1524,2024-02-16 16:44:55,52.233154,3
720,21.0891433,1525,2024-02-16 21:40:55,52.2448433,61
173,21.2175783,1526,2024-02-16 21:40:52,52.2142983,5
168,21.114716,1527,2024-02-16 10:09:42,52.234481,1
115,21.17029,1528,2024-02-16 21:40:56,52.2770867,4
153,21.1559333,1529,2024-02-16 21:41:06,52.2650267,2
147,21.218409,1530,2024-02-16 21:40:47,52.217236,3
119,20.997931,1532,2024-02-16 13:18:48,52.186345,06
218,20.9966033,1533,2024-02-16 21:41:00,52.1880567,5
106,20.9655117,1534,2024-02-16 21:41:06,52.23489,1
166,20.995523,1535,2024-02-16 14:59:48,52.188146,6
156,21.046675,1536,2024-02-16 13:48:59,52.263908,4
118,21.019629,1537,2024-02-16 21:40:47,52.246054,2
212,21.045153,1538,2024-02-16 20:43:49,52.264626,06
126,21.00221,1539,2024-02-16 21:41:02,52.291091,1
156,21.0466033,1540,2024-02-16 21:41:02,52.2819467,225
197,21.048185,1541,2024-02-16 13:09:56,52.26405,011
181,21.044231,1542,2024-02-16 21:34:09,52.26503,2
N11,21.048169,1543,2024-02-16 10:16:14,52.264189,122
123,21.046496,1544,2024-02-16 14:50:54,52.264099,09
107,21.009519,1545,2024-02-16 21:41:03,52.233766,2
123,21.0441467,1546,2024-02-16 21:41:06,52.25002,4
123,21.044638,1548,2024-02-16 20:05:50,52.264938,08
122,20.9451467,1549,2024-02-16 21:40:58,52.2658167,8
122,21.048055,1550,2024-02-16 13:11:16,52.26422,012
123,21.099075,1551,2024-02-16 21:41:06,52.2377733,5
736,21.048173,1552,2024-02-16 21:31:56,52.264168,2
122,21.044673,1553,2024-02-16 19:39:36,52.264793,011
166,21.035773,1554,2024-02-16 21:40:52,52.253574,343
126,20.998038,1555,2024-02-16 21:40:59,52.318158,2
197,20.945485,1800,2024-02-16 21:40:58,52.265954,3
123,21.044341,1801,2024-02-16 20:29:07,52.2649728,07
338,21.0455381,1802,2024-02-16 18:22:49,52.2643481,03
166,21.068238,1803,2024-02-16 21:41:00,52.1292528,8
170,21.0909038,1804,2024-02-16 21:41:03,52.2737818,05
156,21.0827668,1805,2024-02-16 21:41:04,52.2758001,1
117,21.0453836,1806,2024-02-16 21:00:34,52.2649305,06
221,21.046234,1807,2024-02-16 19:21:51,52.264761,02
197,20.930928,1808,2024-02-16 21:41:02,52.2250493,6
173,21.1074323,1809,2024-02-16 21:40:54,52.241247,8
156,20.9459116,1810,2024-02-16 21:41:01,52.2835653,3
156,21.0290273,1811,2024-02-16 21:41:06,52.2879116,2
221,20.9917156,1812,2024-02-16 21:41:05,52.2599898,1
170,21.0436878,1813,2024-02-16 21:41:06,52.2654861,06
170,21.0442498,1814,2024-02-16 20:49:35,52.2650431,4
197,20.9410081,1815,2024-02-16 21:41:01,52.2368983,7
169,21.0424241,1816,2024-02-16 21:40:57,52.2497971,5
181,21.0478216,1817,2024-02-16 19:52:26,52.2645378,3
123,21.0469313,1818,2024-02-16 21:41:03,52.2637155,6
166,21.044327,1819,2024-02-16 20:30:29,52.2648775,09
115,21.2241968,1830,2024-02-16 21:41:11,52.1693043,1
122,21.0462678,1833,2024-02-16 20:06:56,52.264533,013
173,21.250983,1835,2024-02-16 21:40:54,52.232289,4
117,21.0046145,1838,2024-02-16 21:41:04,52.229877,5
338,21.0455458,1839,2024-02-16 18:25:33,52.2644413,04
115,21.1168438,1840,2024-02-16 20:11:48,52.2330185,5
525,21.1158475,1842,2024-02-16 21:41:08,52.2334113,207
117,21.052188,1843,2024-02-16 21:40:59,52.237727,1
173,21.2635301,1844,2024-02-16 21:41:01,52.245073,6
730,21.1166306,1845,2024-02-16 21:27:13,52.233089,52
338,21.046276,1846,2024-02-16 19:08:53,52.264681,01
115,21.117333,1848,2024-02-16 21:41:04,52.2330413,2
115,21.234059,1849,2024-02-16 21:41:02,52.170938,2
115,21.178502,1851,2024-02-16 21:41:06,52.2453373,6
115,21.1161768,1855,2024-02-16 21:41:07,52.2343423,6
303,21.0460155,1856,2024-02-16 18:08:40,52.2643611,3
173,21.054472,1857,2024-02-16 21:41:03,52.2504216,9
173,21.191461,1858,2024-02-16 21:41:02,52.2476448,3
173,21.1157918,1859,2024-02-16 21:41:02,52.2349638,3
117,21.1177438,1862,2024-02-16 21:03:12,52.2334443,3
730,21.3780491,1863,2024-02-16 21:41:06,52.1993513,01
115,21.159099,1869,2024-02-16 21:40:52,52.232098,3
222,20.995669,1901,2024-02-16 21:41:07,52.1934766,6
E-1,20.997366,1903,2024-02-15 10:23:09,52.185998,04
222,20.996773,1904,2024-02-16 16:59:27,52.18585,5
900,20.995118,1905,2024-02-15 09:50:34,52.185748,1
106,20.995393,1906,2024-02-16 20:59:29,52.185903,7
106,20.9667847,1907,2024-02-16 21:41:08,52.2309636,3
319,20.995225,1908,2024-02-16 21:41:06,52.18605,01
106,21.0194589,1909,2024-02-16 21:41:07,52.2462676,5
222,21.018331,1910,2024-02-16 21:41:08,52.2193252,4
222,21.0152871,1911,2024-02-16 21:41:07,52.1932845,2
222,20.9973476,1912,2024-02-16 20:58:34,52.1860319,6
119,20.995306,1914,2024-02-16 20:06:16,52.186818,07
166,20.995223,1915,2024-02-16 13:38:21,52.186773,010
119,20.995213,1916,2024-02-16 21:01:57,52.186673,06
222,21.015192,1917,2024-02-16 21:41:07,52.242252,3
319,20.995238,1918,2024-02-16 20:23:47,52.186796,03
222,20.995197,1919,2024-02-16 21:41:02,52.186653,1
222,20.995247,1920,2024-02-16 16:02:59,52.186024,4
331,20.9953632,1990,2024-02-16 16:24:30,52.1862169,01
331,20.995351,1991,2024-02-16 19:47:29,52.186278,03
331,20.995313,1992,2024-02-16 18:26:06,52.186443,04
331,20.995331,1993,2024-02-16 19:54:19,52.186403,04
331,20.995342,1994,2024-02-16 20:14:32,52.186329,05
331,20.9952892,1996,2024-02-16 21:32:16,52.1862274,02
166,20.995321,1997,2024-02-16 21:22:04,52.186493,010
119,20.995273,1998,2024-02-16 16:00:30,52.186203,07
165,20.9963742,2000,2024-02-16 21:34:40,52.1876054,2
709,21.0095639,2001,2024-02-16 21:41:08,52.1696925,9
189,21.022741,2002,2024-02-16 21:41:06,52.179344,8
402,21.0737814,2004,2024-02-16 21:41:06,52.2037712,1
402,20.9934557,2005,2024-02-16 21:41:08,52.178993,8
319,20.9967542,2006,2024-02-08 11:45:23,52.1857972,03
402,20.9980152,2007,2024-02-16 19:49:28,52.1859487,012
504,21.019295,2008,2024-02-16 21:41:04,52.152359,2
739,20.99511,2009,2024-02-16 13:11:09,52.187607,09
162,20.995119,2010,2024-02-16 20:05:33,52.187637,015
739,20.997061,2012,2024-02-16 12:21:06,52.186321,012
189,20.9970121,2013,2024-02-16 19:42:13,52.1862981,027
522,21.002816,2014,2024-02-16 21:41:04,52.229846,3
522,20.9964062,2016,2024-02-16 19:39:42,52.1878082,011
401,20.996638,2017,2024-02-16 19:00:16,52.186871,029
L50,21.077707,20174,2024-02-16 21:36:34,52.2680803,2
522,20.9970322,2018,2024-02-16 18:22:52,52.1876286,012
189,20.9170574,2019,2024-02-16 21:41:07,52.2234471,1
522,21.0348549,2020,2024-02-16 21:41:06,52.2020967,2
189,20.9970559,2021,2024-02-16 17:10:56,52.1868989,021
174,21.005066,2022,2024-02-16 21:41:08,52.171654,371
189,21.042673,2023,2024-02-16 21:41:08,52.172161,5
525,20.9972365,2024,2024-02-16 16:58:04,52.1869064,1
162,20.9972747,2025,2024-02-16 19:50:03,52.1878165,014
165,21.014423,2026,2024-02-16 21:41:07,52.179947,3
525,20.996651,2027,2024-02-16 21:36:50,52.187794,1
709,20.99658,2028,2024-02-16 19:19:25,52.185947,429
217,20.9967984,2029,2024-02-16 21:41:08,52.1863031,2
522,20.996214,2030,2024-02-16 18:49:57,52.187725,013
189,20.9131999,2031,2024-02-16 21:41:08,52.2100912,14
172,20.955449,2032,2024-02-16 21:41:04,52.212085,3
189,20.9973959,2033,2024-02-16 13:48:24,52.1874204,9
522,20.9979522,2034,2024-02-16 19:32:34,52.1876954,010
710,20.9964249,2036,2024-02-16 13:33:39,52.1868675,08
401,20.9967904,2037,2024-02-16 19:33:23,52.1869229,012
189,20.9972879,2038,2024-02-16 20:50:44,52.1878286,021
501,21.002698,2039,2024-02-16 21:40:54,52.22905,2
401,20.997267,2040,2024-02-16 19:30:15,52.187717,022
189,21.010006,2041,2024-02-16 21:41:06,52.174835,12
401,20.996571,2042,2024-02-15 16:41:16,52.187561,022
522,21.0801162,2044,2024-02-16 21:41:04,52.1575916,7
174,20.997011,2045,2024-02-16 18:41:26,52.187695,08
522,20.99699,2046,2024-02-16 19:06:06,52.187813,09
719,20.9134324,2200,2024-02-16 21:41:05,52.2387885,2
105,20.9784964,2201,2024-02-16 21:41:08,52.2294741,4
317,21.001278,2202,2024-02-16 21:41:07,52.175114,2
716,20.921314,2203,2024-02-16 19:31:12,52.196426,067
717,20.922216,2204,2024-02-15 14:07:32,52.197108,068
184,20.9479017,2205,2024-02-16 21:41:07,52.2361544,6
171,20.925112,2206,2024-02-16 21:41:08,52.27243,452
191,20.919188,2207,2024-02-16 13:09:41,52.1967667,09
177,20.9006674,2208,2024-02-16 21:41:08,52.2392139,3
191,20.984146,2209,2024-02-16 21:41:08,52.219772,6
517,20.976594,2210,2024-02-16 21:41:07,52.2179751,5
105,20.921161,2211,2024-02-16 20:00:26,52.19644,010
136,20.920284,2212,2024-02-16 19:41:43,52.197054,015
401,20.921469,2214,2024-02-16 00:35:53,52.197066,1
105,20.921873,2216,2024-02-16 20:22:50,52.196264,09
148,20.922003,2217,2024-02-16 21:09:57,52.196235,012
124,20.93729,2218,2024-02-16 21:41:06,52.169857,2
523,20.978178,2219,2024-02-16 21:41:07,52.217201,7
177,20.92219,2220,2024-02-16 20:31:38,52.196224,07
717,20.839924,2221,2024-02-16 21:41:05,52.184967,64
184,20.920336,2222,2024-02-13 16:22:33,52.196613,6
517,20.8918979,2223,2024-02-16 21:41:07,52.1905825,4
177,20.895254,2224,2024-02-16 21:41:08,52.21167,675
188,20.921734,2225,2024-02-16 21:41:07,52.196796,5
105,20.921679,2226,2024-02-16 20:05:18,52.196334,08
ZA1,20.921448,2227,2024-02-16 19:02:11,52.196423,01
172,21.0029774,2228,2024-02-16 21:41:07,52.1954161,5
172,20.919921,2229,2024-02-16 17:36:19,52.196638,2
517,20.868904,2230,2024-02-16 21:41:05,52.197937,3
717,20.9207997,2231,2024-02-16 17:41:32,52.1965537,65
184,20.929171,2232,2024-02-16 21:41:04,52.196835,7
523,20.920546,2233,2024-02-16 17:00:10,52.196556,017
187,20.922844,2234,2024-02-16 21:02:07,52.195869,6
317,20.923091,2235,2024-02-16 19:58:15,52.196081,06
136,21.022444,2236,2024-02-16 21:41:00,52.166134,5
171,20.92017,2237,2024-02-15 00:59:59,52.19669,4
187,20.954016,2238,2024-02-16 21:40:57,52.212981,9
105,20.922443,2239,2024-02-16 19:48:03,52.19714,012
523,20.8966547,2240,2024-02-16 21:41:04,52.2327081,023
716,20.921941,2241,2024-02-16 20:22:47,52.196229,01
317,20.944088,2242,2024-02-16 21:41:07,52.193058,07
187,21.0593679,2243,2024-02-16 21:41:08,52.1908989,5
184,20.9486322,2244,2024-02-16 21:41:07,52.2323187,1
743,20.922396,2246,2024-02-16 20:40:03,52.196143,1
184,20.921328,2247,2024-02-16 19:19:07,52.196398,09
105,20.896303,2248,2024-02-16 21:41:08,52.238525,7
177,20.922443,2249,2024-02-16 21:41:05,52.196686,6
523,20.898378,2250,2024-02-16 21:41:03,52.258461,10
401,20.921366,2251,2024-02-16 19:41:35,52.19644,010
401,20.8711386,2252,2024-02-16 21:41:07,52.1984257,1
186,20.921545,2253,2024-02-16 19:55:06,52.196273,015
401,20.9222,2254,2024-02-16 21:40:59,52.195779,013
105,20.9442764,2255,2024-02-16 21:41:08,52.2265821,3
105,20.9221484,2256,2024-02-16 21:41:08,52.1957152,6
ZA1,20.923007,2257,2024-02-16 19:28:04,52.1961221,01
401,21.0183911,2258,2024-02-16 21:41:07,52.1735432,4
187,20.9225985,2259,2024-02-16 21:35:37,52.1970872,10
L20,21.0781095,25181,2024-02-16 19:23:40,52.2679745,1
L20,21.3075351,25183,2024-02-16 21:41:05,52.1098671,1
L22,21.2671091,25184,2024-02-16 21:41:09,52.1011213,2
L22,21.4026733,25185,2024-02-16 18:40:31,52.2014551,1
L51,21.244681,25188,2024-02-16 21:26:35,52.0831066,02
L22,21.2444631,25189,2024-02-16 17:55:19,52.0828758,03
414,21.0372608,3400,2024-02-16 21:41:03,52.2685351,09
511,20.9281468,3401,2024-02-16 21:41:03,52.2913283,2
190,21.0469101,3402,2024-02-16 21:41:03,52.264787,8
Z26,21.0468151,3403,2024-02-16 20:39:00,52.2648503,2
132,21.0604288,3404,2024-02-16 21:41:05,52.3150015,3
527,21.0471733,3405,2024-02-16 19:29:53,52.2646705,013
731,20.935087,3406,2024-02-16 21:41:05,52.3928223,479
160,20.9949985,3407,2024-02-16 21:41:03,52.2422878,514
509,21.046676,3408,2024-02-16 21:41:03,52.2644843,13
197,20.9699843,3409,2024-02-16 21:41:03,52.2850216,010
112,21.0821703,3410,2024-02-16 21:41:05,52.3044478,7
199,21.0435916,3411,2024-02-16 21:41:05,52.26608,05
527,21.0658435,3412,2024-02-16 21:41:05,52.3126816,519
511,21.0461416,3413,2024-02-16 21:41:04,52.2651283,1
160,21.0461166,3414,2024-02-16 09:01:42,52.2650716,716
Z26,21.046571,3415,2024-02-16 18:16:58,52.2648383,04
340,21.0465093,3416,2024-02-16 18:53:35,52.2648715,03
723,21.0485248,3417,2024-02-16 18:26:20,52.2646176,01
120,21.0457365,3418,2024-02-16 21:41:07,52.2654725,6
Z26,20.9462756,3419,2024-02-16 21:41:06,52.2274243,1
112,21.032855,3420,2024-02-16 21:41:04,52.29598,5
340,21.0465895,3421,2024-02-16 19:00:29,52.2648533,04
738,21.196207,3422,2024-02-16 21:41:05,52.4036585,4
190,21.0483628,3423,2024-02-16 15:06:14,52.2642466,1
705,21.022086,3424,2024-02-16 21:41:03,52.2635356,62
414,21.047422,3425,2024-02-16 21:39:31,52.2632833,06
738,21.1959813,3426,2024-02-16 21:41:06,52.4035278,3
140,21.1111588,3427,2024-02-16 21:41:07,52.360901,2
731,20.9521741,3428,2024-02-16 21:41:06,52.3431935,499
102,21.0480508,3429,2024-02-16 21:32:45,52.2646665,547
190,21.0416341,3430,2024-02-16 21:41:01,52.2575938,1
527,21.0682291,3431,2024-02-16 21:41:05,52.323585,515
509,21.10237,3432,2024-02-16 21:41:05,52.2218751,8
511,20.9434593,3433,2024-02-16 21:41:07,52.34897,3
127,20.91284,3434,2024-02-16 21:41:05,52.208202,8
140,21.069863,3435,2024-02-16 21:41:02,52.2801328,3
705,21.1451645,3436,2024-02-16 21:41:05,52.4931456,65
162,21.0435411,3437,2024-02-16 21:14:21,52.2653768,3
245,21.0474743,3438,2024-02-16 21:19:07,52.2632406,2
120,21.046533,3439,2024-02-16 21:41:03,52.2514838,4
517,21.0484,3440,2024-02-14 19:36:21,52.264551,013
190,21.0472938,3441,2024-02-16 21:09:15,52.2648143,12
160,20.9938636,3442,2024-02-16 21:41:01,52.2417271,517
245,21.0477145,3443,2024-02-16 19:47:07,52.2646335,05
509,20.9682693,3444,2024-02-16 21:41:05,52.3194596,1
503,21.0460345,3445,2024-02-16 19:14:53,52.2647886,014
500,21.0459166,3446,2024-02-16 11:34:23,52.264795,6
145,21.0472983,3447,2024-02-16 20:39:49,52.26485,10
160,21.0458058,3448,2024-02-16 21:41:04,52.264915,516
509,20.991444,3449,2024-02-16 21:41:02,52.30148,4
518,21.0485728,3450,2024-02-16 19:10:43,52.2647286,012
145,21.0485103,3451,2024-02-16 07:00:57,52.2644265,10
527,21.0473625,3452,2024-02-16 19:41:54,52.264593,010
518,21.0468458,3453,2024-02-16 18:36:50,52.2648033,011
738,21.118432,3454,2024-02-16 21:41:05,52.3394855,2
509,21.0470853,3455,2024-02-16 13:29:55,52.2648728,020
520,21.1558913,3456,2024-02-16 21:41:05,52.2403873,2
245,21.0563321,3457,2024-02-16 21:41:00,52.2923653,1
162,21.0275515,3458,2024-02-16 21:40:57,52.2603936,6
520,21.0458215,3459,2024-02-16 19:42:09,52.2651328,5
160,21.0474776,3460,2024-02-16 21:28:49,52.264749,716
723,20.9251861,3461,2024-02-16 21:41:06,52.3921221,476
145,21.1121681,3462,2024-02-16 21:41:02,52.2812546,2
509,21.0456625,3463,2024-02-16 10:37:55,52.2652288,5
705,20.9650925,3464,2024-02-16 21:41:03,52.2718635,07
132,21.0439298,3465,2024-02-16 20:16:06,52.265568,07
132,20.9687133,3466,2024-02-16 21:41:06,52.2719675,5
116,21.0165913,3467,2024-02-16 21:41:02,52.2400696,10
138,21.0472518,3468,2024-02-16 21:41:05,52.2477645,8
138,21.0448056,3469,2024-02-16 20:28:08,52.2659115,3
L-5,20.8977271,35131,2024-02-16 21:41:06,52.0565093,2
L-2,20.9729431,35132,2024-02-16 21:41:06,52.0426713,683
L12,21.0230421,35133,2024-02-16 21:41:08,52.074928,684
L-5,21.0353838,35134,2024-02-16 20:28:38,52.0834736,1
L25,21.2101883,35136,2024-02-16 21:40:35,51.9817753,1
L-5,21.0346726,35137,2024-02-16 20:14:55,52.0832015,2
L12,21.0351743,35138,2024-02-16 20:44:25,52.0832736,782
L39,21.0286605,35139,2024-02-16 21:40:39,52.0614733,3
L-5,21.026668,35140,2024-02-16 21:40:46,52.077792,1
L-2,21.034132,35141,2024-02-12 14:14:11,51.9594601,684
L13,21.0350395,35155,2024-02-16 18:38:15,52.0835486,03
L13,21.0334143,35159,2024-02-16 20:43:02,52.0831273,04
178,20.9567112,4200,2024-02-16 21:41:07,52.2279362,6
207,20.8929739,4201,2024-02-16 21:41:08,52.2003577,3
207,20.9220837,4202,2024-02-16 13:07:13,52.1964979,06
197,20.9215342,4203,2024-02-16 21:38:38,52.1966052,4
122,20.920286,4204,2024-02-16 17:31:08,52.196896,7
122,20.982393,4205,2024-02-16 21:41:08,52.273911,7
714,20.921005,4206,2024-02-16 19:43:03,52.196793,04
154,20.9218724,4207,2024-02-16 19:59:22,52.1965192,06
129,20.920614,4208,2024-02-16 21:41:04,52.196823,1
149,20.92194,4209,2024-02-16 19:36:09,52.196545,04
249,20.921135,4210,2024-02-16 21:41:05,52.196686,2
178,20.921515,4211,2024-02-16 21:41:06,52.196625,1
178,20.922286,4212,2024-02-16 20:59:38,52.1964277,3
207,20.895508,4213,2024-02-16 21:41:04,52.193619,4
255,20.921619,4214,2024-02-16 21:41:07,52.196579,1
160,21.0484492,4215,2024-02-16 21:41:06,52.2888105,283
154,20.922258,4216,2024-02-16 18:59:23,52.196468,05
255,20.93795,4217,2024-02-16 21:41:07,52.222485,2
249,20.9149505,4218,2024-02-16 21:41:07,52.2078382,676
249,20.941249,4219,2024-02-16 21:41:08,52.2467055,678
122,20.9141676,4220,2024-02-16 21:41:08,52.2354416,2
154,20.9694329,4221,2024-02-16 21:41:08,52.2032527,2
122,20.9216979,4223,2024-02-16 21:05:06,52.1965794,679
220,20.9264139,4224,2024-02-16 21:41:07,52.2627774,295
178,20.931911,4225,2024-02-16 21:41:08,52.202126,7
129,20.91877,4226,2024-02-16 18:29:40,52.196583,4
178,20.921751,4227,2024-02-16 20:30:29,52.196541,4
714,20.8432782,4228,2024-02-16 21:41:07,52.2506494,1
154,20.921481,4229,2024-02-16 21:41:07,52.1966152,1
207,20.920382,4230,2024-02-16 19:54:37,52.19688,05
178,20.6900162,4231,2024-02-16 20:49:03,52.2134912,010
129,20.9392435,4232,2024-02-16 21:41:08,52.2460062,4
729,20.920435,4233,2024-02-16 20:49:32,52.196865,02
178,20.921061,4234,2024-02-16 21:19:14,52.196705,5
122,20.9168401,4235,2024-02-16 21:41:07,52.2505695,9
122,20.9835461,4236,2024-02-16 21:41:06,52.2721892,4
154,20.9443556,4237,2024-02-16 21:41:07,52.1755369,4
197,20.9499996,4238,2024-02-16 21:41:08,52.2706597,1
122,20.921993,4239,2024-02-16 19:22:56,52.196537,015
714,20.9214526,4240,2024-02-16 21:41:08,52.196631,2
197,20.975782,4241,2024-02-16 21:41:03,52.289593,2
129,20.919764,4242,2024-02-16 21:41:06,52.209824,3
122,20.690174,4243,2024-02-16 18:53:59,52.213684,015
129,20.920425,4244,2024-02-16 18:50:59,52.196915,3
197,20.9354585,4245,2024-02-16 21:41:08,52.2248169,5
714,20.878847,4246,2024-02-16 21:41:04,52.24818,3
154,20.9187694,4247,2024-02-16 19:35:00,52.1971101,4
154,20.974781,4248,2024-02-16 21:41:08,52.192913,3
N25,20.920462,4249,2024-02-16 14:54:47,52.196888,295
168,21.1166785,4300,2024-02-16 20:35:49,52.2331095,09
319,21.1170702,4301,2024-02-16 19:08:46,52.2330445,04
119,21.117255,4302,2024-02-16 15:43:13,52.23304,4
146,21.2046724,4303,2024-02-16 21:41:07,52.1594684,2
722,21.1166261,4304,2024-02-16 20:25:43,52.233157,01
146,21.052529,4305,2024-02-16 21:41:07,52.2503312,5
147,21.0635777,4306,2024-02-16 21:41:07,52.2278212,2
702,21.1402531,4307,2024-02-16 21:41:07,52.2285971,1
173,21.1719284,4308,2024-02-16 21:41:03,52.2431549,7
153,21.1164174,4309,2024-02-16 21:19:57,52.2332825,04
168,21.117204,4310,2024-02-16 18:25:50,52.233008,08
702,21.2498619,4311,2024-02-16 21:41:07,52.099638,03
142,21.117081,4312,2024-02-16 19:00:06,52.233073,06
146,21.1169072,4313,2024-02-16 19:49:34,52.2330542,07
153,21.1772787,4314,2024-02-16 21:41:07,52.2568692,1
146,21.1137044,4315,2024-02-16 21:41:08,52.2041585,4
147,21.0526499,4316,2024-02-16 21:41:07,52.2503634,1
168,21.074209,4317,2024-02-16 21:41:07,52.2038402,6
319,21.115948,4318,2024-02-16 19:30:05,52.233208,05
319,21.1168,4319,2024-02-16 20:14:57,52.233175,09
142,21.1169981,4320,2024-02-16 19:28:49,52.2330696,07
119,21.1342902,4321,2024-02-16 21:41:07,52.2029156,1
319,21.1168678,4322,2024-02-16 19:48:19,52.2331093,07
117,21.067389,4323,2024-02-16 21:41:05,52.2253018,4
173,21.1157005,4324,2024-02-16 04:49:49,52.2343606,1
110,21.115629,4325,2024-02-16 21:15:55,52.234338,72
183,21.0871669,4326,2024-02-16 21:41:07,52.2446724,07
173,21.2176385,4327,2024-02-16 21:41:07,52.2143622,011
119,21.0162142,4328,2024-02-16 21:41:07,52.2090179,5
146,21.0528846,4329,2024-02-16 21:41:07,52.2504317,1
207,20.9209819,4330,2024-02-16 11:31:51,52.1967442,06
129,20.9230261,4331,2024-02-16 21:41:07,52.1965242,2
207,20.9218242,4332,2024-02-16 20:14:39,52.1965549,06
207,20.922081,4333,2024-02-16 12:44:37,52.196399,06
178,20.9222417,4334,2024-02-16 17:00:19,52.1965186,6
178,20.922464,4335,2024-02-16 18:19:17,52.196339,011
729,20.8590091,4336,2024-02-16 21:41:06,52.2446765,1
729,20.922321,4337,2024-02-16 16:08:02,52.196433,02
255,20.9609335,4338,2024-02-16 21:41:07,52.2280644,3
178,20.90712,4339,2024-02-16 21:41:08,52.1909446,2
117,21.0436112,4400,2024-02-16 20:01:58,52.266189,06
156,21.042944,4401,2024-02-16 21:41:07,52.249809,5
338,21.0449024,4402,2024-02-16 12:07:12,52.2647684,03
122,21.0457442,4403,2024-02-16 19:41:11,52.2642391,012
156,21.043434,4404,2024-02-16 21:24:18,52.266129,4
118,21.022778,4405,2024-02-16 21:41:07,52.22382,1
204,21.0688111,4406,2024-02-16 21:41:08,52.3227309,2
123,21.052385,4407,2024-02-16 21:41:06,52.250172,1
170,21.032288,4408,2024-02-16 21:41:06,52.26022,3
134,21.048395,4409,2024-02-16 21:41:05,52.326435,3
166,21.0602304,4410,2024-02-16 21:41:07,52.1404734,7
122,20.9007162,4411,2024-02-16 21:41:08,52.2390849,1
197,21.0459075,4412,2024-02-16 21:19:58,52.2641312,09
134,21.046089,4413,2024-02-16 21:41:08,52.264748,04
181,20.900007,4414,2024-02-16 21:41:06,52.297234,1
240,21.118105,4415,2024-02-16 21:41:07,52.338535,2
134,21.047283,4416,2024-02-16 21:41:06,52.332844,2
170,21.034159,4417,2024-02-16 21:41:04,52.255554,212
134,21.044601,4418,2024-02-16 20:37:11,52.264889,05
181,20.986002,4419,2024-02-16 21:41:05,52.26944,3
123,21.0442377,4420,2024-02-16 21:41:08,52.2650219,3
126,20.968382,4421,2024-02-16 21:41:07,52.319492,4
122,20.941351,4422,2024-02-16 21:41:05,52.269592,3
169,21.041944,4423,2024-02-16 21:41:06,52.300144,1
197,21.0448532,4424,2024-02-16 20:45:37,52.2647527,08
134,20.9681926,4425,2024-02-16 21:41:08,52.2718285,1
169,21.04528,4426,2024-02-16 21:09:24,52.264931,3
170,21.082947,4427,2024-02-16 21:41:06,52.275486,1
122,20.976643,4428,2024-02-16 21:41:08,52.289791,6
123,21.0833529,4429,2024-02-16 21:41:08,52.2259494,2
166,21.044956,4430,2024-02-16 19:51:22,52.264732,5
120,21.058691,4431,2024-02-16 21:41:04,52.266422,227
166,21.038438,4432,2024-02-16 21:40:58,52.259278,4
156,21.053949,4433,2024-02-16 21:41:04,52.253548,226
122,20.9085801,4434,2024-02-16 21:41:07,52.228432,10
517,20.8617582,5201,2024-02-16 21:40:53,52.1908079,2
401,20.922308,5202,2024-02-16 20:10:33,52.1961334,6
706,20.9433122,5203,2024-02-16 21:41:06,52.1755484,1
187,20.8662915,5204,2024-02-16 21:41:00,52.1965925,1
414,20.9194515,5205,2024-02-16 21:17:18,52.1963627,02
713,20.9221359,5206,2024-02-16 21:41:06,52.1961893,04
713,20.9228171,5207,2024-02-16 21:28:04,52.1958714,05
523,20.9219456,5208,2024-02-16 21:41:00,52.1957551,13
733,20.920429,5210,2024-02-15 07:08:45,52.196696,710
186,20.9217919,5211,2024-02-16 19:34:59,52.1962653,017
186,20.9217663,5212,2024-02-16 20:05:19,52.1962656,018
136,21.0414081,5213,2024-02-16 21:41:01,52.1483946,2
713,20.9223318,5214,2024-02-16 20:42:28,52.1959708,3
719,20.6650137,5215,2024-02-16 21:41:01,52.2633696,1
743,20.9008079,5216,2024-02-16 21:41:01,52.2391342,05
713,20.9307203,5217,2024-02-16 21:41:05,52.2248797,2
ZA1,20.9212242,5218,2024-02-16 18:46:17,52.1963961,04
171,21.0106406,5219,2024-02-16 21:41:01,52.2315425,6
148,20.9222455,5220,2024-02-16 21:38:38,52.1959931,011
716,20.8815611,5221,2024-02-16 21:40:58,52.2163273,63
171,21.0434001,5222,2024-02-16 21:41:05,52.2228877,4
401,20.920871,5223,2024-02-16 18:24:25,52.196533,027
182,21.0947725,5224,2024-02-16 21:41:07,52.2352347,8
184,20.9205871,5225,2024-02-15 11:58:57,52.1965955,5
172,20.9225243,5226,2024-02-16 19:53:52,52.1970676,010
136,20.9840042,5227,2024-02-16 21:41:05,52.1980083,11
177,20.9201776,5228,2024-02-16 14:24:08,52.1966147,09
717,20.9679182,5229,2024-02-16 21:41:02,52.2190507,66
523,20.920153,5230,2024-02-16 20:35:21,52.196595,714
188,20.922861,5232,2024-02-16 20:13:40,52.195844,1
105,20.9205633,5234,2024-02-16 16:00:00,52.1974495,011
172,20.973289,5236,2024-02-16 21:41:06,52.2188429,4
ZA1,20.9216495,5237,2024-02-16 19:39:18,52.1963043,02
177,20.897051,5238,2024-02-16 21:41:00,52.223748,2
184,20.9701222,5239,2024-02-16 21:41:02,52.2192306,8
105,20.8971537,5240,2024-02-16 21:41:02,52.2282543,2
184,20.921938,5241,2024-02-16 21:32:33,52.196321,5
187,20.8620664,5242,2024-02-16 21:41:02,52.1909297,12
717,20.9189593,5243,2024-02-16 18:52:51,52.1969411,64
716,20.9222801,5244,2024-02-16 16:25:24,52.1970969,63
523,20.922035,5245,2024-02-16 20:09:15,52.195766,14
184,20.927448,5246,2024-02-16 21:40:59,52.291047,3
177,20.9222265,5247,2024-02-16 21:41:00,52.1961719,08
191,20.9209022,5248,2024-02-16 18:34:20,52.1964563,08
719,20.5863282,5249,2024-02-16 21:41:06,52.2575377,5
191,20.921105,5250,2024-02-16 19:11:38,52.196463,09
716,20.8290512,5251,2024-02-16 21:41:04,52.1929274,61
521,20.9224962,5252,2024-02-16 20:59:38,52.1960936,5
188,20.9777937,5253,2024-02-16 21:41:00,52.1806703,6
136,21.0443044,5254,2024-02-16 21:41:07,52.1489512,4
717,20.921988,5255,2024-02-16 19:51:29,52.196291,068
188,21.0840306,5257,2024-02-16 21:41:00,52.245801,2
523,20.915133,5258,2024-02-16 21:41:01,52.2394796,11
171,20.919624,5259,2024-02-16 14:50:18,52.197286,6
517,21.0437111,5260,2024-02-16 21:41:00,52.2229731,8
Z26,21.048388,5401,2024-02-16 15:15:38,52.264271,04
414,21.046348,5402,2024-02-16 16:42:57,52.264986,06
511,21.04669,5403,2024-02-16 18:15:26,52.264801,07
190,21.087206,5404,2024-02-16 21:41:08,52.301529,018
705,21.047176,5405,2024-02-16 19:47:42,52.264683,1
112,20.9249644,5406,2024-02-16 21:41:07,52.2608014,3
132,21.0606817,5407,2024-02-16 21:41:08,52.3064157,4
511,21.041952,5408,2024-02-16 06:36:00,52.266067,4
112,21.060665,5409,2024-02-16 21:41:04,52.305099,8
723,21.046694,5411,2024-02-16 21:20:01,52.264942,474
190,20.914293,5412,2024-02-16 21:41:08,52.235256,3
509,21.04755,5413,2024-02-16 19:44:38,52.264565,020
509,21.0446735,5414,2024-02-16 21:41:07,52.265842,11
102,21.047628,5415,2024-02-16 21:41:07,52.263832,09
511,20.9282071,5416,2024-02-16 21:41:07,52.2913629,1
735,21.030251,5417,2024-02-16 21:41:05,52.385815,63
731,20.9778,5418,2024-02-16 21:41:04,52.3125,477
120,21.0479581,5419,2024-02-16 20:29:41,52.2644499,010
132,21.044519,5420,2024-02-16 09:01:07,52.265499,5
705,21.0475057,5421,2024-02-16 21:22:19,52.2647271,1
414,21.048381,5423,2024-02-16 15:21:05,52.26436,09
509,21.048368,5424,2024-02-16 15:36:11,52.264313,022
500,21.041719,5425,2024-02-16 21:41:08,52.300327,2
120,21.063335,5426,2024-02-16 21:41:07,52.325188,1
731,20.9254847,5427,2024-02-16 21:41:08,52.421572,480
731,21.0469367,5428,2024-02-16 19:28:08,52.2647837,470
116,20.9249454,5429,2024-02-16 21:41:08,52.2723699,9
160,21.048589,5430,2024-02-16 19:08:57,52.2646922,715
738,21.0529779,5431,2024-02-16 21:41:06,52.2765017,1
735,21.0448017,5432,2024-02-13 10:57:27,52.2657974,61
511,21.048452,5433,2024-02-16 18:17:37,52.264523,06
111,21.0477927,5434,2024-02-16 19:13:57,52.2644706,011
511,20.942057,5435,2024-02-16 21:41:06,52.348263,4
190,20.955523,5436,2024-02-16 21:41:01,52.23814,5
199,21.157673,5437,2024-02-16 21:41:03,52.262737,2
500,20.9922056,5438,2024-02-16 21:41:07,52.2572334,5
160,21.048717,5439,2024-02-16 21:41:07,52.289341,518
120,21.045828,5440,2024-02-16 19:40:31,52.265186,09
112,21.092007,5441,2024-02-16 21:41:07,52.307076,6
414,21.0467654,5442,2024-02-16 21:28:03,52.2649384,08
735,21.011791,5443,2024-02-16 21:41:05,52.453819,64
245,21.0416635,5444,2024-02-16 21:41:05,52.3004089,4
509,20.9643114,5445,2024-02-16 21:41:08,52.3324246,2
509,21.009117,5446,2024-02-16 21:41:07,52.282879,14
723,21.0470159,5447,2024-02-16 19:56:31,52.2649247,731
738,21.101046,5448,2024-02-16 21:41:05,52.317924,5
527,21.0454527,5449,2024-02-16 19:43:54,52.2651797,012
145,21.033659,5450,2024-02-16 21:41:04,52.288605,6
112,20.8801857,5451,2024-02-16 21:41:06,52.2162974,2
190,21.044103,5452,2024-02-16 20:25:31,52.265591,3
705,21.0466972,5453,2024-02-16 20:39:25,52.2649677,08
414,21.047619,5454,2024-02-16 21:08:27,52.264706,07
132,21.047123,5455,2024-02-16 19:34:20,52.264746,1
723,20.95352,5456,2024-02-16 21:41:04,52.341576,478
500,21.0515,5457,2024-02-16 21:41:05,52.2919,4
509,21.0473285,5458,2024-02-16 21:34:14,52.2633584,021
723,21.047386,5459,2024-02-16 19:11:45,52.264637,731
120,21.047503,5460,2024-02-16 21:24:34,52.26474,2
128,21.020061,5870,2024-02-16 21:41:04,52.231472,408
503,21.0499724,5871,2024-02-16 21:41:00,52.144577,11
504,21.0024872,5872,2024-02-16 21:41:03,52.1751779,220
175,20.977848,5873,2024-02-16 21:41:07,52.180332,405
503,21.02655,5875,2024-02-16 21:41:05,52.214226,3
175,20.997921,5877,2024-02-16 20:50:26,52.186976,334
175,20.997981,5878,2024-02-16 20:43:59,52.186841,708
519,21.048252,5879,2024-02-16 21:41:07,52.188805,8
503,21.0441971,5880,2024-02-16 21:41:06,52.1564544,1
128,20.998003,5881,2024-02-16 21:41:05,52.187199,704
175,20.997956,5882,2024-02-16 21:00:55,52.187165,411
128,20.997945,5883,2024-02-16 07:54:04,52.18666,704
519,20.997971,5884,2024-02-16 21:35:54,52.186966,5
503,21.044378,5885,2024-02-16 21:41:05,52.174484,10
519,21.014999,5886,2024-02-16 21:41:05,52.189087,7
128,20.963713,5887,2024-02-16 21:41:06,52.207687,333
503,21.011974,5888,2024-02-16 21:41:05,52.246399,6
127,21.030075,5889,2024-02-16 21:41:04,52.23999,5
N31,20.9952,5890,2024-02-16 10:14:44,52.186891,334
503,21.051306,5891,2024-02-16 21:41:04,52.145977,12
175,20.998091,5892,2024-02-16 11:06:34,52.186881,705
128,20.997958,5893,2024-02-16 20:53:49,52.187236,703
N31,20.998106,5894,2024-02-16 12:57:10,52.186577,334
175,20.990147,5896,2024-02-16 21:41:04,52.223564,402
519,21.015451,5897,2024-02-16 21:41:04,52.218163,6
128,21.017269,5898,2024-02-16 21:41:06,52.239193,400
175,21.016912,5899,2024-02-16 21:41:05,52.231049,407
111,21.11736,5900,2024-02-16 19:21:32,52.233948,7
116,21.117184,5901,2024-02-16 19:10:19,52.233888,3
116,20.9774,5902,2024-02-16 21:41:03,52.2175, 
175,21.117098,5903,2024-02-16 21:30:08,52.233854,706
175,21.117113,5904,2024-02-16 19:55:09,52.234011,702
111,21.116984,5905,2024-02-16 18:16:39,52.23389,013
507,21.1170424,5906,2024-02-16 20:29:12,52.2339339,012
507,21.116928,5907,2024-02-16 20:05:36,52.233874,011
503,21.116946,5908,2024-02-16 21:30:46,52.233969,4
128,21.116901,5909,2024-02-13 16:29:33,52.233823,412
116,21.034422,5910,2024-02-16 21:41:04,52.202671,3
116,21.04307,5911,2024-02-16 21:41:05,52.193691,17
128,21.116655,5912,2024-02-16 21:40:58,52.234086,404
180,21.117339,5913,2024-02-15 07:19:15,52.233888,433
116,20.967295,5914,2024-02-16 21:41:07,52.273041,8
503,21.116641,5915,2024-02-16 15:50:07,52.233976, 
180,21.0658,5916,2024-02-16 21:41:07,52.1848,5
180,21.0592,5917,2024-02-16 21:41:07,52.191021,015
180,21.116479,5919,2024-02-16 21:12:15,52.23395,017
175,21.116724,5920,2024-02-16 21:40:51,52.234988,410
151,21.116386,5921,2024-02-16 19:33:21,52.233969,07
175,21.017685,5922,2024-02-16 21:41:07,52.23785,401
180,21.023184,5923,2024-02-16 21:41:05,52.227028,13
158,21.116216,5924,2024-02-16 09:20:20,52.234116,8
111,21.059277,5925,2024-02-16 21:41:04,52.235252,2
116,21.062986,5926,2024-02-16 21:41:03,52.174747,6
180,20.9441,5927,2024-02-16 21:41:04,52.2689,10
503,21.012629,5928,2024-02-16 21:41:03,52.246185,8
180,21.01539,5929,2024-02-16 21:41:06,52.241928,438
116,21.08387,5930,2024-02-16 21:41:04,52.168034,4
503,21.11665,5931,2024-02-16 21:41:06,52.23494,2
128,21.116038,5932,2024-02-16 20:37:36,52.23416,707
507,21.115909,5933,2024-02-16 19:40:23,52.234018,010
111,21.1159679,5934,2024-02-16 21:03:12,52.2340657,8
116,20.95413,5935,2024-02-16 21:41:06,52.276333,15
116,20.924217,5936,2024-02-16 21:41:07,52.281078,12
128,21.115741,5937,2024-02-16 21:14:12,52.234003,701
116,21.115788,5938,2024-02-16 16:53:15,52.234146, 
111,21.116001,5939,2024-02-15 10:28:09,52.234118,4
116,21.115721,5940,2024-02-16 14:12:39,52.234133,15
116,21.02508,5941,2024-02-16 21:41:03,52.220337,433
116,21.115614,5942,2024-02-16 16:00:26,52.234123,17
180,21.115455,5943,2024-02-16 20:43:28,52.234033,7
128,20.9896,5944,2024-02-16 21:41:04,52.2214,412
111,21.064079,5945,2024-02-16 21:41:04,52.230976,4
111,21.115455,5946,2024-02-16 19:59:05,52.23418,10
128,21.011156,5947,2024-02-16 21:41:04,52.229519,409
175,20.975615,5948,2024-02-16 21:41:07,52.168076,403
111,21.023674,5949,2024-02-16 21:41:07,52.232254,5
116,21.047048,5950,2024-02-15 11:18:32,52.265266,10
180,21.030533,5951,2024-02-16 21:41:05,52.206951,016
518,21.046064,5953,2024-02-16 19:54:55,52.265503,010
503,21.047041,5954,2024-02-16 21:41:04,52.263763,014
180,21.068571,5955,2024-02-16 21:41:04,52.18227,2
111,21.1024,5956,2024-02-16 21:40:56,52.2221,3
N43,21.0465,5957,2024-02-16 21:41:07,52.2647,2
116,20.939735,5958,2024-02-16 21:41:04,52.277924,13
116,20.9246432,5959,2024-02-16 21:41:07,52.2810679,14
116,20.963971,5960,2024-02-16 21:40:49,52.275126,16
518,20.996824,5961,2024-02-16 21:41:03,52.256813,5
127,20.9152159,5962,2024-02-16 21:41:02,52.2067047,7
180,21.046348,5963,2024-02-16 20:44:40,52.265405,1
180,21.084061,5964,2024-02-16 21:41:04,52.16766,4
116,20.989937,5965,2024-02-16 21:41:06,52.264713,11
180,20.935207,5966,2024-02-16 21:41:04,52.271141,12
111,21.045273,5967,2024-02-16 15:39:10,52.265695,012
518,21.046794,5968,2024-02-16 20:00:27,52.265263,1
518,20.942146,5969,2024-02-16 21:41:07,52.334538,2
503,21.004589,5970,2024-02-16 21:41:03,52.255531,7
503,21.046738,5971,2024-02-16 19:51:11,52.265291,013
111,21.013302,5972,2024-02-16 21:41:05,52.242241,1
738,21.046551,5973,2024-02-16 18:39:08,52.26532,07
518,20.99828,5974,2024-02-16 21:41:02,52.28891,7
127,21.020512,5975,2024-02-16 21:41:07,52.243168,4
180,20.976765,5976,2024-02-16 21:41:05,52.253555,9
127,20.986778,5977,2024-02-16 21:41:05,52.222458,010
127,21.046943,5978,2024-02-16 21:07:43,52.264503, 
116,21.047181,5979,2024-02-16 17:01:28,52.265165, 
116,21.062338,5980,2024-02-16 21:41:05,52.175465,431
503,21.046189,5981,2024-02-16 21:37:07,52.265431,5
111,20.9867602,5982,2024-02-16 21:41:04,52.2467277,6
175,20.983767,5983,2024-02-16 21:41:03,52.198769,406
111,21.0457184,5984,2024-02-16 11:34:56,52.2655834, 
518,21.0466074,5985,2024-02-16 18:15:39,52.2643504,010
503,21.027205,5986,2024-02-16 21:41:05,52.211193,9
518,21.045853,5987,2024-02-16 21:41:05,52.26552,08
111,20.979473,5988,2024-02-16 21:41:05,52.24437,9
518,21.046486,5989,2024-02-16 21:13:37,52.265348,3
518,21.023458,5990,2024-02-16 21:41:08,52.228386,6
116,21.047356,5991,2024-02-16 18:05:59,52.265129,11
180,20.984161,5992,2024-02-16 21:41:06,52.245945,14
116,21.017931,5993,2024-02-16 21:41:05,52.236736,7
180,21.046043,5994,2024-02-16 21:40:47,52.265476,6
180,21.044661,5995,2024-02-16 08:04:25,52.265198,9
116,21.0455375,5996,2024-02-16 19:35:49,52.2647312, 
518,20.946852,5997,2024-02-16 21:41:03,52.31826,4
116,21.04689,5998,2024-02-16 20:35:50,52.265245,2
127,21.047406,5999,2024-02-16 16:01:14,52.265168, 
L18,20.805536,60051,2024-02-15 18:20:53,52.2194103,2
L18,20.7207131,60052,2024-02-16 20:00:48,52.0819968,2
L18,20.8423991,60053,2024-02-16 17:45:03,52.249878,03
L18,20.8301706,60054,2024-02-16 21:41:08,52.2683395,2
L18,20.8129098,60055,2024-02-16 21:41:06,52.312776,1
L29,20.5341955,60056,2024-02-16 21:41:05,52.2584808,1
L-6,20.86553,60057,2024-02-16 21:39:39,52.2751258,1
L-7,20.8406701,60058,2024-02-16 19:28:47,52.2518336,1
L-6,20.8704021,60059,2024-02-16 20:22:13,52.1979045,02
L-7,20.8055381,60060,2024-02-16 18:35:58,52.2193331,2
719,20.915105,6200,2024-02-16 21:40:55,52.229436,3
191,20.967918,6201,2024-02-16 21:41:06,52.214046,1
ZA1,20.92021,6202,2024-02-16 21:40:48,52.19664,02
186,20.9222414,6203,2024-02-16 21:41:06,52.1962227,019
728,20.881651,6204,2024-02-16 21:41:04,52.090523,1
711,20.919483,6205,2024-02-16 06:55:59,52.196854,709
105,20.949116,6206,2024-02-16 21:40:57,52.227101,5
124,20.965034,6207,2024-02-16 21:41:05,52.151707,1
721,20.830076,6208,2024-02-16 21:41:07,52.055378,02
414,20.919302,6209,2024-02-16 15:24:22,52.196358,05
703,20.921391,6210,2024-02-16 21:41:08,52.197243,506
187,20.920848,6212,2024-02-16 17:46:20,52.1965147,4
414,20.9209295,6213,2024-02-16 21:41:06,52.1965202,01
186,20.9185017,6214,2024-02-16 11:53:58,52.1965812,018
716,20.919851,6215,2024-02-16 04:51:11,52.196821,61
414,20.9211647,6216,2024-02-16 21:41:06,52.1970429,05
517,20.889412,6217,2024-02-16 21:41:04,52.198032,239
136,20.965326,6218,2024-02-16 21:41:05,52.24789,9
187,21.055664,6219,2024-02-16 21:41:08,52.193493,7
523,20.922525,6220,2024-02-16 21:41:08,52.197113,5
401,20.9210899,6221,2024-02-16 20:25:53,52.1965167,023
141,21.046688,6222,2024-02-16 21:41:07,52.213909,206
401,20.918495,6223,2024-02-16 13:30:06,52.196682,025
141,20.954819,6224,2024-02-16 21:41:08,52.186699,205
717,20.920118,6225,2024-02-16 07:31:18,52.196665,068
136,20.958185,6226,2024-02-16 21:41:02,52.222721,7
105,20.922744,6227,2024-02-16 20:32:48,52.195768,011
141,20.944323,6228,2024-02-16 21:41:04,52.175465,208
401,20.882257,6229,2024-02-16 21:41:06,52.197704,7
713,20.9221732,6230,2024-02-16 21:41:08,52.1960562,1
711,20.8012511,6231,2024-02-16 21:41:05,52.1080212,710
186,20.980276,6232,2024-02-16 21:40:57,52.210095,016
401,20.923525,6234,2024-02-16 21:41:07,52.197235,3
187,20.9224042,6235,2024-02-16 21:41:08,52.1961779,4
122,20.922361,6236,2024-02-16 16:29:45,52.197132,786
105,20.9211354,6237,2024-02-16 20:38:12,52.1964972,013
721,20.944597,6238,2024-02-16 21:41:06,52.192886,1
414,20.9195867,6239,2024-02-16 21:41:07,52.1965754,04
401,20.919984,6240,2024-02-16 21:05:47,52.1965795,026
177,20.921524,6241,2024-02-16 21:13:21,52.196384,09
ZA1,20.9203977,6242,2024-02-16 16:19:39,52.1966477,04
172,21.0481901,6243,2024-02-16 21:41:08,52.1781762,6
706,20.917706,6244,2024-02-16 21:41:04,52.151325,2
L39,21.0348855,70001,2024-02-16 12:50:46,52.0828133,4
L52,20.9964811,70002,2024-02-16 21:40:55,52.0080015,1
L39,21.0330968,70004,2024-02-16 21:39:55,52.0992701,2
L39,21.0349856,70006,2024-02-10 07:40:33,52.0828933,3
L52,21.0347111,70007,2024-02-16 20:19:27,52.0832635,1
L39,21.0346993,70008,2024-02-16 10:51:49,52.0828501,3
L39,21.0166013,70009,2024-02-16 21:41:07,52.0815399,4
L14,21.0773251,70021,2024-02-16 21:41:07,52.2675725,1
L14,21.2019576,70033,2024-02-16 21:41:05,52.0798041,1
L-3,20.871938,70034,2024-02-16 19:48:57,52.0846351,02
L16,21.0979658,70035,2024-02-16 21:41:06,52.0566156,1
L-3,21.0358211,70036,2024-02-16 21:19:17,52.0832136,03
L24,21.034519,70041,2024-02-16 20:49:44,52.0835218,695
L-1,21.0165965,70042,2024-02-16 21:40:27,52.0677621,2
L42,21.154332,70043,2024-02-16 21:40:07,52.0628921,52
L15,21.0351621,70045,2024-02-16 19:41:02,52.0836169,53
517,21.0433222,7200,2024-02-16 21:41:05,52.2229435,7
190,20.977617,7201,2024-02-16 21:41:07,52.2378942,9
703,20.921083,7202,2024-02-16 20:06:42,52.197384,512
401,20.9209215,7203,2024-02-16 13:34:08,52.1968892,024
112,20.897057,7204,2024-02-16 21:41:07,52.223431,10
706,20.920601,7205,2024-02-16 19:28:30,52.197014,03
105,20.8917631,7206,2024-02-16 21:41:08,52.2053226,1
189,21.0626224,7207,2024-02-16 21:41:08,52.1861294,7
190,20.919302,7208,2024-02-16 16:45:42,52.196346,10
136,20.921238,7209,2024-02-16 20:44:32,52.197308,015
717,20.920376,7210,2024-02-16 19:15:56,52.197021,069
112,20.921244,7211,2024-02-16 19:38:25,52.19735,4
189,21.054829,7212,2024-02-16 21:41:04,52.181019,11
182,21.089478,7213,2024-02-16 21:41:06,52.235789,1
191,20.928123,7214,2024-02-16 21:41:07,52.196068,7
189,20.920561,7215,2024-02-16 17:20:00,52.197491,020
733,20.9120392,7216,2024-02-16 21:41:07,52.1734557,01
414,20.9206385,7217,2024-02-16 15:45:52,52.1974502,01
189,20.6904094,7218,2024-02-16 13:11:33,52.2135319,018
401,20.920513,7220,2024-02-16 19:21:35,52.197021,027
112,20.948069,7221,2024-02-16 21:41:08,52.276951,9
189,20.920843,7222,2024-02-16 15:16:18,52.196926,16
188,20.9207787,7223,2024-02-16 18:38:02,52.1969397,013
189,20.897646,7224,2024-02-16 21:41:04,52.239471,16
401,20.920856,7225,2024-02-16 16:59:30,52.196987,5
703,20.920694,7226,2024-02-16 15:52:16,52.197453,709
189,20.989763,7227,2024-02-16 21:41:05,52.180981,4
191,20.8703509,7228,2024-02-16 21:41:07,52.1835474,3
523,20.93672,7229,2024-02-16 21:41:08,52.23967,8
728,20.920931,7230,2024-02-16 21:16:18,52.1973809,02
716,20.929451,7231,2024-02-16 21:41:04,52.2239,62
189,20.921072,7232,2024-02-16 20:21:19,52.1973767,024
189,20.921309,7233,2024-02-16 21:25:54,52.195885,10
190,21.03544,7234,2024-02-16 21:41:06,52.255028,4
189,20.921038,7235,2024-02-16 20:37:39,52.197388,6
317,21.0516397,7236,2024-02-16 21:41:08,52.1735241,3
189,20.9215781,7237,2024-02-16 20:25:19,52.1958395,020
190,20.920677,7238,2024-02-16 18:50:50,52.196972,014
189,20.921482,7239,2024-02-16 20:44:17,52.195839,018
190,20.900883,7240,2024-02-16 21:41:03,52.239025,13
189,20.919531,7241,2024-02-16 21:41:07,52.197567,022
189,20.921627,7242,2024-02-16 20:10:11,52.195827,2
105,20.918869,7243,2024-02-16 17:04:53,52.196678,1
172,21.0484549,7244,2024-02-16 21:41:08,52.1781907,7
191,20.870249,7245,2024-02-16 21:41:05,52.183464,4
517,20.921298,7247,2024-02-16 21:29:02,52.195914,1
124,20.9210007,7248,2024-02-16 18:45:18,52.1968877,03
171,20.978779,7249,2024-02-16 21:41:08,52.2382492,453
189,20.927565,7250,2024-02-16 21:41:06,52.196156,3
189,20.9641387,7251,2024-02-16 21:41:08,52.1880722,13
189,20.9010459,7252,2024-02-16 21:41:07,52.2391031,15
517,21.02331,7253,2024-02-16 21:41:06,52.229862,6
401,20.8895829,7254,2024-02-16 21:41:07,52.1941386,2
190,21.073521,7255,2024-02-16 21:41:07,52.284458,10
184,20.932138,7256,2024-02-16 21:41:06,52.268188,2
401,21.012077,7257,2024-02-16 21:41:08,52.174381,5
189,20.9213995,7258,2024-02-16 21:13:32,52.1958819,019
517,20.9209469,7259,2024-02-16 18:51:58,52.1969192,011
520,21.007076,7301,2024-02-16 21:41:06,52.237926,8
158,21.11574,7302,2024-02-16 21:39:59,52.233368,5
523,21.116035,7303,2024-02-16 20:36:28,52.23365,9
158,21.11244,7304,2024-02-16 21:41:07,52.236542,4
158,21.1160469,7305,2024-02-16 20:52:19,52.2338014,7
158,21.116059,7306,2024-02-16 21:26:16,52.2333357,9
525,21.1165261,7307,2024-02-16 21:41:08,52.2349287,8
182,21.112904,7308,2024-02-16 21:41:07,52.236252,9
182,21.116668,7309,2024-02-16 21:01:39,52.23326,4
523,21.106649,7310,2024-02-16 21:41:03,52.247799,2
402,21.1462707,7311,2024-02-16 21:41:07,52.2265007,3
502,21.116238,7312,2024-02-16 19:28:49,52.2334922,719
102,21.042835,7313,2024-02-16 21:41:06,52.244408,545
125,21.1149641,7314,2024-02-16 20:17:03,52.2336544,06
141,21.033236,7315,2024-02-16 21:41:03,52.207035,3
151,21.1174294,7316,2024-02-16 18:50:18,52.2336629,06
202,21.1142734,7317,2024-02-12 19:12:15,52.2348747,546
158,21.0875891,7318,2024-02-16 21:41:07,52.2362404,2
507,21.1021167,7319,2024-02-16 21:41:05,52.2220267,3
523,21.1163869,7320,2024-02-16 21:16:54,52.2332801,15
507,21.116028,7321,2024-02-16 20:15:26,52.234816,5
202,21.085056,7322,2024-02-16 21:41:06,52.250301,543
402,21.1175209,7323,2024-02-16 20:39:20,52.2332931,013
151,21.115286,7324,2024-02-16 18:58:03,52.234158,06
141,21.088856,7326,2024-02-16 21:41:08,52.245022,6
125,21.1169829,7327,2024-02-16 18:34:23,52.2333769,07
158,21.1153004,7328,2024-02-16 21:41:08,52.2336479,1
199,21.047878,7329,2024-02-16 21:41:05,52.291882,4
150,20.864759,733,2024-02-16 08:15:02,52.360477,011
125,21.043434,7330,2024-02-16 21:41:05,52.2472,1
507,21.116871,7331,2024-02-16 18:40:04,52.233415,4
158,21.116119,7332,2024-02-16 20:41:03,52.233841,6
525,21.1154872,7333,2024-02-16 20:40:08,52.2335644,012
103,21.11437,7334,2024-02-16 18:17:14,52.234375,1
146,21.1174731,7335,2024-02-16 20:14:09,52.2333322,06
850,20.865139,743,2024-02-16 21:41:04,52.360493,2
850,20.863647,744,2024-02-16 21:41:08,52.359325,1
150,20.853357,748,2024-02-16 21:41:01,52.34491,6
750,20.863771,749,2024-02-16 21:41:04,52.359531,3
110,20.899481,750,2024-02-16 21:41:07,52.325745,4
250,20.86447,753,2024-02-16 21:41:05,52.360271,1
850,20.864904,754,2024-02-16 21:41:08,52.360352,03
250,20.901409,755,2024-02-16 21:41:06,52.291439,2
150,20.864819,756,2024-02-16 21:41:05,52.360321,2
110,20.892714,757,2024-02-16 21:41:02,52.285103,3
750,20.864866,762,2024-02-16 17:46:45,52.360493,4
250,20.904957,763,2024-02-16 21:41:03,52.294701,3
250,20.864958,769,2024-02-16 21:41:07,52.360497,04
521,21.2048091,7700,2024-02-16 21:41:05,52.159419,6
145,21.1172669,7701,2024-02-16 20:31:55,52.2338123,016
145,21.1160229,7702,2024-02-16 20:07:43,52.2335107,012
102,21.117471,7703,2024-02-16 17:38:51,52.233634,546
202,21.0484399,7704,2024-02-16 21:41:08,52.2474002,542
525,21.117203,7705,2024-02-16 18:52:15,52.233525,09
411,21.1168559,7706,2024-02-16 19:16:55,52.2335542,04
525,21.003811,7707,2024-02-16 21:41:07,52.2294704,5
704,21.1159747,7708,2024-02-16 21:11:31,52.2336231,03
521,21.0253248,7709,2024-02-16 21:41:03,52.2328315,3
401,20.9203801,7710,2024-02-16 19:03:31,52.1970452,024
191,20.9077704,7711,2024-02-16 21:41:07,52.1923426,2
414,20.920658,7712,2024-02-16 21:17:52,52.197006,03
401,20.9207116,7713,2024-02-16 18:49:51,52.1974699,025
517,20.9290244,7714,2024-02-16 21:41:07,52.1958799,10
191,20.921804,7715,2024-02-16 19:02:59,52.195863,010
703,20.9437652,7716,2024-02-16 21:41:08,52.1751885,709
190,20.9300784,7718,2024-02-16 21:41:07,52.2337909,6
717,20.8900537,7719,2024-02-16 21:41:07,52.1814744,65
150,20.864332,772,2024-02-16 19:02:56,52.359822833,07
184,20.921078,7720,2024-02-16 19:28:08,52.197296,010
719,20.7761239,7721,2024-02-16 21:41:07,52.2560709,4
414,20.9213676,7722,2024-02-16 21:14:33,52.1958735,02
186,20.920766,7723,2024-02-16 20:15:38,52.197416,014
172,20.92091,7724,2024-02-16 21:41:07,52.1973891,2
184,20.9397414,7725,2024-02-16 21:41:07,52.2796506,493
177,20.8998983,7726,2024-02-16 21:41:04,52.2394625,4
733,20.9215699,7727,2024-02-16 20:42:01,52.1958365,507
191,20.9202481,7728,2024-02-16 21:41:07,52.2047387,5
177,20.8686287,7729,2024-02-16 21:41:07,52.1923176,1
750,20.864379833,773,2024-02-16 20:27:30,52.359735667,07
182,20.9850601,7730,2024-02-16 21:41:07,52.2162265,6
E-1,21.1173894,7731,2024-02-16 19:01:51,52.2336729,02
148,21.1162402,7732,2024-02-16 20:46:56,52.2337929,010
182,21.115366,7733,2024-02-16 21:38:54,52.23391,7
521,21.1153727,7734,2024-02-16 19:53:41,52.2344259,012
158,21.0155144,7735,2024-02-16 21:41:07,52.2305024,3
162,21.0500527,7736,2024-02-16 21:41:07,52.2006742,4
509,21.1021469,7737,2024-02-16 21:41:08,52.2243204,10
E-1,21.116443,7738,2024-02-16 15:55:08,52.233451,04
125,21.1141577,7739,2024-02-16 21:41:07,52.2396736,5
521,21.1160055,7740,2024-02-16 21:15:42,52.2337852,09
521,21.1158259,7741,2024-02-16 21:13:00,52.2338244,012
509,21.1175636,7742,2024-02-16 21:41:07,52.2344582,9
151,21.116655,7743,2024-02-16 21:05:52,52.234306,04
411,21.1163219,7744,2024-02-16 19:09:15,52.2334719,03
502,21.116661,7745,2024-02-16 19:31:31,52.233606,720
402,21.1159475,7746,2024-02-16 21:10:43,52.2336221,7
525,21.1163269,7747,2024-02-16 20:10:19,52.2337784,011
509,21.116776,7748,2024-02-16 19:29:49,52.233769,024
150,20.928135,775,2024-02-16 21:41:04,52.290871,5
523,21.1138704,7750,2024-02-16 21:41:08,52.2341537,018
523,21.0895859,7751,2024-02-16 21:41:08,52.2501197,3
162,21.1171677,7752,2024-02-16 18:55:05,52.2334707,012
525,21.053434,7753,2024-02-16 21:41:07,52.2261472,4
143,21.1774339,7754,2024-02-16 21:41:07,52.2569587,8
188,21.1286962,7755,2024-02-16 21:41:07,52.2402185,08
514,21.1732663,7757,2024-02-16 21:41:05,52.2507875,3
521,21.1172285,7758,2024-02-16 20:55:01,52.2333818,010
523,21.116383,7759,2024-02-16 20:23:10,52.233431,6
750,20.8648794,776,2024-02-16 21:41:08,52.3602502,3
150,20.864378,777,2024-02-16 21:41:07,52.359795, 
750,20.938991,778,2024-02-16 21:40:38,52.3004906,1
110,20.8649767,779,2024-02-16 21:41:08,52.3603596,06
145,21.115481,7800,2024-02-16 21:27:49,52.23389,7
145,21.117593,7801,2024-02-16 21:41:07,52.2737066,9
145,21.0275784,7802,2024-02-16 21:41:07,52.2874557,3
151,21.117633,7803,2024-02-16 18:17:13,52.2334696,06
509,21.0476844,7804,2024-02-16 21:41:07,52.2466816,6
E-1,21.1172679,7805,2024-02-16 19:10:38,52.2336422,03
171,20.9142082,7806,2024-02-16 21:41:07,52.2519812,451
102,21.0846617,7807,2024-02-16 21:41:07,52.2502832,548
520,21.0784581,7808,2024-02-16 21:41:07,52.2347642,4
188,20.978058,7809,2024-02-16 21:41:05,52.1694808,4
202,21.12907,7810,2024-02-16 21:41:07,52.240049,544
141,21.1179549,7811,2024-02-16 21:41:06,52.2342293,7
521,21.115308,7812,2024-02-16 21:41:06,52.233931,07
509,21.11689,7813,2024-02-16 19:35:31,52.233724,023
523,21.115655,7814,2024-02-16 20:17:11,52.233583,020
507,21.1137867,7815,2024-02-16 21:41:07,52.2341147,6
151,21.1050394,7816,2024-02-16 21:41:07,52.2301846,1
402,21.116738,7817,2024-02-16 19:15:53,52.233583,011
182,20.9649156,7818,2024-02-16 21:41:08,52.2180039,3
507,21.1178114,7819,2024-02-16 21:41:07,52.2335425,1
150,20.8644173,782,2024-02-16 18:17:51,52.3598661,010
102,21.1151489,7820,2024-02-16 16:11:11,52.2344635,545
502,21.1161262,7821,2024-02-16 20:47:18,52.2335899,09
188,21.115811,7822,2024-02-16 21:04:05,52.233685,07
720,21.1173947,7823,2024-02-16 02:43:00,52.2338872,1
523,21.1155651,7824,2024-02-16 15:03:51,52.2335222,022
525,21.1163807,7825,2024-02-16 19:53:43,52.2335555,010
125,21.1965011,7826,2024-02-16 21:41:07,52.208354,3
141,21.1172162,7827,2024-02-15 13:21:11,52.2333392,3
521,21.0956937,7828,2024-02-16 21:41:07,52.2436274,1
507,21.0052414,7829,2024-02-16 21:41:07,52.2296181,7
521,21.1810769,7830,2024-02-16 21:41:08,52.1913029,4
143,21.1771369,7831,2024-02-16 21:41:07,52.2569817,6
E-2,21.1173506,7832,2024-02-16 15:08:11,52.2333354,03
145,21.00075,7833,2024-02-16 21:40:53,52.2914,5
523,21.115704,7834,2024-02-15 20:03:53,52.233576,020
521,21.1172927,7835,2024-02-16 16:10:34,52.234215,010
199,21.1157292,7836,2024-02-16 21:34:57,52.2338307,06
521,21.1143027,7837,2024-02-16 18:08:33,52.2348111,6
525,21.015531,7838,2024-02-16 21:40:58,52.217546,319
151,21.1152239,7839,2024-02-16 20:38:41,52.2341261,05
521,21.1157016,7840,2024-02-16 21:22:58,52.233635,011
E-1,21.116508,7841,2024-02-16 18:59:11,52.234288,04
162,21.0849937,7842,2024-02-16 21:41:07,52.1932916,2
168,21.0091089,7843,2024-02-16 21:41:07,52.2109056,2
125,21.0622547,7844,2024-02-16 21:41:07,52.2467674,2
158,20.9490492,7845,2024-02-16 21:41:07,52.2102409,211
143,21.0789427,7846,2024-02-16 21:41:07,52.2356872,2
521,20.9664348,7847,2024-02-16 21:41:03,52.2076395,2
112,21.1164314,7848,2024-02-16 15:13:29,52.2343302,7
507,21.1153326,7849,2024-02-16 09:00:57,52.234655,010
125,21.1439302,7850,2024-02-16 21:41:05,52.2269437,4
525,21.1152146,7851,2024-02-16 18:22:07,52.2344507,3
182,21.0345945,7852,2024-02-16 21:41:06,52.2215858,2
141,21.115511,7853,2024-02-16 21:24:21,52.233811,4
145,21.0999559,7854,2024-02-16 21:41:08,52.2429115,1
145,21.116803,7855,2024-02-16 18:44:50,52.233395,013
507,21.1156387,7856,2024-02-16 15:51:00,52.2335029,1
145,21.1173119,7857,2024-02-16 14:27:12,52.2333593,5
145,21.117346,7858,2024-02-16 19:14:03,52.233291,014
523,21.026013,7859,2024-02-16 21:41:07,52.2194242,4
E-2,21.1166423,7860,2024-02-16 19:20:49,52.2334104,05
502,21.037083,7861,2024-02-16 21:41:07,52.2223776,1
145,21.0882604,7862,2024-02-16 21:41:07,52.2447247,11
123,21.0511967,7863,2024-02-16 21:41:07,52.2526067,297
507,21.0106389,7864,2024-02-16 21:41:07,52.2298017,8
402,21.1164335,7865,2024-02-16 20:20:30,52.2337847,014
502,21.1591948,7866,2024-02-16 21:41:07,52.2260666,463
525,21.1165592,7867,2024-02-16 11:20:33,52.2334217,010
E-2,21.1166432,7868,2024-02-16 20:07:00,52.2337442,01
E-1,21.1170419,7869,2024-02-16 18:45:47,52.2333705,01
525,21.1550997,7870,2024-02-16 21:41:07,52.2260055,3
507,21.0699254,7871,2024-02-16 21:41:07,52.2251884,4
143,21.1163184,7872,2024-02-16 20:28:42,52.2335981,7
E-1,21.116994,7873,2024-02-16 19:07:39,52.233523,05
151,21.1161485,7874,2024-02-16 20:17:19,52.2336401,05
521,21.1170336,7875,2024-02-16 20:31:34,52.2332317,08
411,21.1173461,7876,2024-02-16 18:38:47,52.2334681,01
720,21.2484487,7877,2024-02-16 21:41:07,52.2229519,2
525,21.115945,7878,2024-02-15 19:52:07,52.2335111,010
162,21.1165007,7879,2024-02-16 20:13:57,52.2337442,011
507,21.0400563,7880,2024-02-16 21:41:08,52.2357023,5
514,21.0155159,7881,2024-02-16 21:41:08,52.2178997,2
143,21.1420762,7882,2024-02-16 21:41:07,52.2601456,5
704,21.3479885,7883,2024-02-16 21:41:03,52.2225635,1
502,21.2317746,7884,2024-02-16 21:41:07,52.2233069,464
402,21.116676,7885,2024-02-16 19:02:16,52.233359,010
402,21.104363,7886,2024-02-16 21:41:08,52.2215781,4
507,21.117056,7887,2024-02-16 19:33:30,52.233508,09
523,21.1149387,7888,2024-02-16 21:41:08,52.2335792,1
202,21.1163308,7889,2024-02-16 21:41:05,52.2350203,541
143,21.116565,7890,2024-02-16 19:39:17,52.2336,012
L48,21.2637413,80101,2024-02-16 21:41:05,52.2408921,1
L26,21.180412,80102,2024-02-16 18:37:16,52.4219521,1
L48,21.3050023,80103,2024-02-16 21:08:52,52.2032518,02
L47,21.4229158,80104,2024-02-16 20:20:59,52.328273,02
L47,21.2861666,80105,2024-02-16 13:03:32,52.3246598,1
L47,21.3042206,80106,2024-02-16 21:40:34,52.2423773,1
L26,21.2007921,80107,2024-02-16 05:40:21,52.3259596,3
L26,21.2252839,80108,2024-02-16 21:41:07,52.3704841,2
L26,21.1762785,80109,2024-02-16 19:12:51,52.3113181,1
L38,21.2213433,80111,2024-02-16 21:39:39,52.345467,1
L37,21.2529563,80112,2024-02-16 21:41:04,52.3113236,1
L36,21.286691,80113,2024-02-16 21:39:23,52.3750898,1
L43,21.1462093,80114,2024-02-16 21:41:05,52.3158181,681
L45,21.1213806,80115,2024-02-16 21:41:04,52.3433065,1
L40,21.1763373,80116,2024-02-16 20:02:28,52.3113746,2
L-3,20.9764336,80117,2024-02-16 21:41:08,52.0808748,1
L35,21.1756876,80118,2024-02-16 21:41:05,52.3111001,1
L45,21.0572003,80120,2024-02-16 21:30:31,52.2751675,02
L37,21.1762935,80121,2024-02-16 18:58:37,52.3113551,02
L43,21.1762291,80122,2024-02-16 20:13:17,52.311276,682
L43,21.1763848,80123,2024-02-16 19:27:35,52.3114285,781
L32,21.075257,80124,2024-02-16 21:39:45,52.0781459,1
L40,21.2333946,80125,2024-02-16 21:39:16,52.3474006,1
138,20.99733,8300,2024-02-16 21:07:34,52.187493,010
138,20.9961406,8301,2024-02-16 21:41:05,52.1872083,9
174,20.996334,8302,2024-02-16 21:20:33,52.187833,07
148,21.0873833,8303,2024-02-16 21:41:04,52.24479,3
136,21.0528701,8304,2024-02-16 21:41:09,52.1460648,3
138,20.9952796,8305,2024-02-16 21:41:06,52.170225,5
141,20.950565,8306,2024-02-16 21:41:04,52.182125,2
317,20.9964813,8307,2024-02-16 21:41:05,52.1877613,5
136,20.997765,8308,2024-02-16 19:46:52,52.18772,014
148,21.0965695,8309,2024-02-16 21:41:03,52.2171793,2
136,20.996491,8310,2024-02-16 17:44:45,52.187523,017
187,20.9803983,8311,2024-02-16 21:41:06,52.2164951,3
138,21.0951733,8312,2024-02-16 21:41:05,52.2654353,2
710,20.996293,8313,2024-02-16 19:32:56,52.187636,07
143,21.0838428,8314,2024-02-16 21:41:03,52.242815,4
143,20.9971825,8315,2024-02-16 21:41:06,52.1870066,010
143,20.9929033,8316,2024-02-16 21:41:03,52.2164116,011
317,21.0843678,8317,2024-02-16 21:41:11,52.1680431,4
172,20.9963713,8318,2024-02-16 20:34:48,52.1862733,1
519,21.0873751,8319,2024-02-16 21:41:04,52.1588448,4
136,20.996331,8320,2024-02-16 19:10:48,52.187546,013
136,20.997409,8321,2024-02-16 20:45:46,52.187388,016
127,20.9920988,8322,2024-02-16 21:41:04,52.1888531,6
504,20.9964613,8323,2024-02-16 21:41:06,52.1876793,013
174,20.9994093,8324,2024-02-16 21:41:06,52.2314601,3
319,20.997341,8325,2024-02-16 19:43:09,52.187613,01
162,21.0281915,8326,2024-02-16 21:41:04,52.2358295,7
710,21.0676505,8327,2024-02-16 21:41:05,52.1293365,2
162,20.997202,8328,2024-02-16 19:16:48,52.1877693,013
504,20.9972816,8329,2024-02-16 21:40:58,52.1869516,010
E-2,20.996075,8330,2024-02-16 18:48:20,52.187409,06
217,21.0739956,8331,2024-02-16 21:41:07,52.1591258,5
166,20.998029,8332,2024-02-16 21:09:20,52.187345,012
319,20.996518,8333,2024-02-16 19:16:34,52.186876,08
522,20.996432,8334,2024-02-16 21:06:49,52.1876653,6
165,21.0024051,8335,2024-02-16 21:33:36,52.1582138,1
127,20.9964198,8336,2024-02-16 21:02:28,52.187696,3
724,20.997315,8337,2024-02-16 20:58:33,52.187863,667
709,20.997309,8338,2024-02-16 20:01:11,52.187595,014
501,20.997393,8339,2024-02-16 21:41:05,52.1888753,5
709,20.996185,8340,2024-02-16 21:40:56,52.187991,1
174,20.997121,8341,2024-02-16 10:55:06,52.186866,4
136,21.0179067,8342,2024-02-16 21:40:52,52.1665517,12
217,20.99623,8343,2024-02-16 18:56:48,52.186991,07
189,20.99801,8344,2024-02-16 21:12:46,52.187403,027
519,21.092179,8345,2024-02-16 21:41:00,52.119116,270
709,20.997441,8346,2024-02-16 19:59:08,52.187036,8
402,20.997423,8347,2024-02-16 11:10:56,52.186876,012
143,20.996278,8348,2024-02-16 21:23:45,52.186361,09
727,21.01904,8349,2024-02-16 21:41:03,52.096271,3
174,20.997311,8350,2024-02-16 20:28:46,52.187656,5
504,20.9958317,8351,2024-02-16 21:41:01,52.1872367,3
727,20.996468,8352,2024-02-16 21:40:58,52.187791,04
504,20.997444,8353,2024-02-16 20:03:39,52.187356,011
519,20.995226,8355,2024-02-16 21:34:29,52.187488,3
519,21.0156883,8356,2024-02-16 21:41:07,52.22179,1
217,21.0356417,8357,2024-02-16 21:40:53,52.176965,1
222,21.0054188,8358,2024-02-16 21:41:07,52.214404,5
148,21.1019767,8359,2024-02-16 21:40:57,52.2421283,4
166,21.0607017,8360,2024-02-16 21:40:58,52.136715,661
136,20.96542,8361,2024-02-16 21:40:58,52.247758,8
402,20.9880217,8362,2024-02-16 21:41:07,52.181495,9
138,21.100555,8363,2024-02-16 21:41:05,52.2606733,257
175,20.997241,8364,2024-02-16 19:42:38,52.187601,705
172,21.035702,8365,2024-02-16 21:41:04,52.200907,8
724,21.027478,8366,2024-02-16 21:40:49,52.067311,668
148,21.0445083,8367,2024-02-16 21:41:04,52.1762017,6
504,20.997498,8368,2024-02-16 21:26:02,52.186435,9
148,20.9729883,8369,2024-02-16 21:41:06,52.1704467,8
E-2,21.11531,8396,2024-02-15 13:18:23,52.234479,05
502,21.117111,8397,2024-02-16 18:58:51,52.233761,718
188,21.11586,8398,2024-02-16 15:52:02,52.235531,010
188,21.117094,8399,2024-02-16 15:37:28,52.233445,08
517,21.046608,8441,2024-02-16 08:42:31,52.264801,013
120,21.047834,8442,2024-02-16 21:41:03,52.263603,3
190,21.0465967,8443,2024-02-16 20:29:35,52.2650111,015
132,20.9683974,8444,2024-02-16 21:41:08,52.2725479,08
145,21.047163,8445,2024-02-16 20:12:03,52.264991,8
245,21.0563,8446,2024-02-16 21:41:06,52.2922,3
500,20.9821575,8447,2024-02-16 21:41:07,52.2532619,6
190,21.046787,8448,2024-02-16 21:16:40,52.264919,016
120,21.061926,8449,2024-02-16 21:41:01,52.361685,8
190,21.045378,8450,2024-02-16 21:41:03,52.265316,11
140,21.07937,8451,2024-02-16 21:41:07,52.292015,1
527,21.047031,8452,2024-02-16 19:54:58,52.264676,011
705,21.011524,8453,2024-02-16 21:41:07,52.316525,66
120,21.066687,8454,2024-02-16 21:41:04,52.314075,6
190,21.046395,8455,2024-02-16 21:40:54,52.264406,2
132,21.047672,8456,2024-02-16 19:39:17,52.264515,06
199,21.047073,8457,2024-02-16 19:46:28,52.264854,3
509,20.940954,8458,2024-02-16 21:41:08,52.328247,3
509,21.017075,8459,2024-02-16 21:41:08,52.270885,5
160,21.0458384,8460,2024-02-16 19:36:46,52.2652044,513
120,21.041075,8461,2024-02-16 21:41:08,52.359535,7
145,21.0474549,8462,2024-02-16 19:01:06,52.2645719,015
500,21.047699,8463,2024-02-16 15:23:54,52.264496,7
N46,21.048418,8464,2024-02-15 11:08:28,52.264462,3
145,21.0470551,8465,2024-02-16 21:40:47,52.2638084,4
162,21.0380383,8500,2024-02-16 21:41:01,52.2436517,5
710,20.995799,8501,2024-02-16 21:40:58,52.18751,761
165,20.995131,8502,2024-02-16 21:03:23,52.18764,4
709,21.0247683,8503,2024-02-16 21:41:04,52.0789733,2
217,20.99565,8504,2024-02-16 21:40:58,52.1874517,3
709,21.023568,8505,2024-02-16 21:40:52,52.180121,6
148,21.008193,8506,2024-02-16 21:40:51,52.154625,9
401,20.9761033,8507,2024-02-16 21:41:05,52.1841967,011
710,21.133365,8508,2024-02-16 21:41:02,52.0985617,4
174,21.01013,8509,2024-02-16 21:41:01,52.2036317,4
189,21.068951,8510,2024-02-16 21:40:49,52.181316,9
709,21.0220033,8511,2024-02-16 21:41:01,52.0813867,5
131,21.001191,8512,2024-02-16 21:40:47,52.188929,264
504,21.043095,8513,2024-02-16 21:41:04,52.1463567,1
319,20.996655,8514,2024-02-16 18:30:52,52.187628,06
138,20.99784,8517,2024-02-16 19:23:06,52.187701,012
139,20.995165,8518,2024-02-16 20:56:22,52.187581,066
710,21.13579,8519,2024-02-16 21:41:00,52.0969533,6
165,21.020623,8520,2024-02-16 21:40:52,52.179611,260
138,20.997001,8521,2024-02-16 18:21:48,52.187649,011
727,20.99633,8522,2024-02-16 20:39:24,52.187575,2
742,21.1973117,8523,2024-02-16 21:41:01,52.002175,1
710,21.0112267,8524,2024-02-16 21:40:54,52.074245,5
709,21.0177217,8525,2024-02-16 21:40:52,52.1318267,429
136,20.996636,8526,2024-02-16 19:17:48,52.187705,018
501,21.019225,8528,2024-02-16 21:41:01,52.2124017,4
504,20.9895933,8530,2024-02-16 21:41:07,52.2245267,6
501,21.030253,8531,2024-02-16 21:41:02,52.206944,6
172,20.997306,8533,2024-02-15 10:06:42,52.187236,011
709,20.996388,8535,2024-02-16 21:30:29,52.186543,4
504,21.017528,8536,2024-02-16 21:40:59,52.162668,8
131,20.9970517,8537,2024-02-16 21:41:00,52.1877333,265
174,21.00412,8538,2024-02-16 21:40:54,52.2237783,258
501,21.0192867,8539,2024-02-16 21:40:58,52.21213,1
162,20.997916,8540,2024-02-16 20:18:37,52.187528,08
187,20.99613,8541,2024-02-16 19:38:54,52.187826,8
522,21.046785,8542,2024-02-16 21:41:07,52.190055,269
127,21.0337067,8544,2024-02-16 21:41:01,52.234675,2
308,20.9974288,8545,2024-02-16 19:17:15,52.187004,01
128,20.9637,8547,2024-02-16 21:41:08,52.207725,334
710,20.997054,8548,2024-02-16 21:20:06,52.187829,3
709,20.996658,8549,2024-02-16 18:33:33,52.186878,011
519,21.035648,8550,2024-02-16 21:41:06,52.201311,2
709,21.021909,8551,2024-02-16 21:40:55,52.178751,422
168,20.998121,8552,2024-02-16 20:18:35,52.187668,3
522,21.0125733,8554,2024-02-16 21:40:58,52.2285717,4
166,21.044155,8556,2024-02-16 21:40:58,52.249175,261
709,20.99688,8557,2024-02-16 06:44:43,52.187018,9
522,20.997355,8558,2024-02-16 21:40:52,52.1874333,5
166,21.0357383,8559,2024-02-16 21:41:06,52.20142,262
218,20.996469,8560,2024-02-16 21:10:27,52.187748,4
402,21.15614,8561,2024-02-16 21:40:54,52.240234,2
502,21.016791,8562,2024-02-16 21:41:00,52.217086,466
520,21.115988,8563,2024-02-16 20:08:30,52.233491,010
502,21.117425,8564,2024-02-16 21:35:01,52.233953,468
514,21.0152917,8565,2024-02-16 21:41:00,52.2188683,1
525,21.128009,8566,2024-02-16 21:41:01,52.233671,7
402,21.044386,8567,2024-02-16 21:41:04,52.174644,6
199,21.1234033,8568,2024-02-16 21:40:59,52.2844767,1
514,21.190944,8569,2024-02-16 21:41:06,52.247619,4
507,21.1022567,8570,2024-02-16 21:41:04,52.2219967,2
202,21.116711,8571,2024-02-16 19:38:29,52.233776,09
509,20.9407183,8572,2024-02-16 21:40:53,52.3278933,15
523,21.03017,8573,2024-02-16 21:41:01,52.2206383,16
151,21.069645,8574,2024-02-16 21:41:04,52.2306067,3
402,21.116226,8575,2024-02-16 19:29:01,52.233513,6
158,21.114944,8576,2024-02-14 19:09:05,52.233486,2
520,21.010993,8577,2024-02-16 21:41:00,52.231231,6
525,21.1622186,8578,2024-02-16 21:41:01,52.2236,2
509,21.080988,8579,2024-02-16 21:40:53,52.226053,7
738,21.047785,8580,2024-02-16 19:16:40,52.264531,06
140,21.046288,8582,2024-02-16 19:59:13,52.265136,04
112,21.0179,8583,2024-02-16 21:41:00,52.2915617,1
120,21.055206,8584,2024-02-16 21:41:05,52.27501,5
511,21.048359,8585,2024-02-16 19:26:53,52.264426,08
138,21.0603067,8586,2024-02-16 21:40:55,52.2625333,1
190,21.0821617,8587,2024-02-16 21:40:54,52.2956017,7
Z26,20.9292083,8588,2024-02-16 21:40:57,52.2242933,3
509,21.05125,8589,2024-02-16 21:40:55,52.2388267,12
190,21.046498,8590,2024-02-16 19:50:08,52.26509,017
518,21.047461,8591,2024-02-16 19:15:48,52.264608,09
132,21.0672717,8592,2024-02-16 21:41:00,52.3164883,2
500,21.0419883,8593,2024-02-16 21:40:59,52.3004067,3
340,21.046341,8594,2024-02-16 18:34:12,52.26512,07
162,21.049878,8595,2024-02-16 21:41:06,52.202753,1
141,20.998126,8800,2024-02-16 20:53:46,52.187731,9
522,21.0739845,8801,2024-02-16 21:41:05,52.1590798,1
504,21.0051991,8802,2024-02-16 21:41:06,52.2284885,4
141,20.9811772,8804,2024-02-16 21:41:06,52.1949951,012
504,20.9954828,8805,2024-02-16 21:41:07,52.1859823,7
141,20.998049,8806,2024-02-16 21:40:59,52.187471,10
501,20.9980658,8807,2024-02-16 21:26:26,52.1877885,3
174,20.9964421,8808,2024-02-16 21:40:59,52.1876941,1
709,21.0244523,8809,2024-02-16 21:41:04,52.1799595,3
187,20.996843,8810,2024-02-16 21:41:06,52.187616,11
174,20.9974568,8812,2024-02-16 21:41:03,52.1875175,09
512,21.05225,8813,2024-02-16 21:41:06,52.2529566,2
140,21.04831,8814,2024-02-16 14:48:58,52.26426,04
136,20.99512,8815,2024-02-16 21:41:08,52.1875276,1
174,20.998175,8816,2024-02-16 21:41:07,52.1695928,6
710,20.9967283,8817,2024-02-16 21:41:04,52.1876636,08
136,20.982756,8818,2024-02-16 21:40:48,52.195593,6
504,20.996541,8819,2024-02-16 21:04:57,52.18645,5
512,21.0496375,8820,2024-02-16 21:41:07,52.2859991,3
140,21.0475504,8821,2024-02-16 19:48:02,52.2645296,05
340,21.0464856,8822,2024-02-16 19:32:55,52.2649923,06
138,21.0020651,8823,2024-02-16 21:41:07,52.1801296,7
148,20.997506,8824,2024-02-16 21:41:04,52.1870798,5
174,20.996128,8825,2024-02-16 21:41:00,52.1874141,3
136,20.9567613,8826,2024-02-16 21:41:06,52.2315896,10
188,21.0342286,8827,2024-02-16 21:41:02,52.2214913,3
720,21.115178,8828,2024-02-16 21:31:27,52.234503,2
E-2,21.1172901,8829,2024-02-16 18:48:20,52.23345,03
141,21.0010228,8830,2024-02-16 21:41:06,52.195548,1
720,21.1154688,8832,2024-02-16 21:23:41,52.2336633,1
182,21.1155838,8833,2024-02-16 21:16:47,52.2335566,5
151,21.1164536,8835,2024-02-16 13:26:45,52.2343288,06
520,21.1168838,8836,2024-02-16 19:10:15,52.2338458,09
704,21.0907934,8837,2024-02-16 21:41:07,52.2475218,2
520,21.0024108,8839,2024-02-16 21:40:59,52.242976,7
411,21.117178,8841,2024-02-16 18:36:28,52.233521,02
151,21.0714918,8842,2024-02-16 21:41:05,52.2306508,2
127,20.9703708,8843,2024-02-16 21:41:07,52.2197591,9
520,21.153289,8844,2024-02-16 21:41:03,52.239479,3
143,20.990509,8845,2024-02-16 21:41:01,52.2164901,3
523,20.9570603,8846,2024-02-16 21:40:59,52.2305278,12
520,21.1172355,8848,2024-02-16 18:52:46,52.2336715,011
502,21.0897126,8850,2024-02-16 21:41:04,52.235766,465
158,20.971223,8851,2024-02-16 21:40:54,52.220019,8
520,21.0983061,8852,2024-02-16 21:41:05,52.2348818,1
102,21.1072955,8853,2024-02-16 21:41:05,52.2485258,546
502,21.240296,8854,2024-02-16 21:40:54,52.216216,462
502,21.015116,8855,2024-02-16 21:40:49,52.218768,467
240,21.0471351,8856,2024-02-16 19:32:43,52.264571,04
500,21.0455925,8857,2024-02-16 09:48:43,52.2652798,5
500,21.00572,8858,2024-02-16 21:40:55,52.259686,7
738,21.0484291,8859,2024-02-16 17:51:37,52.2643493,3
138,20.9955945,8860,2024-02-16 21:41:08,52.1702896,6
E-2,21.0486226,8861,2024-02-16 19:14:16,52.2647101,02
723,21.0008925,8862,2024-02-16 21:41:04,52.2912805,475
140,21.0485455,8863,2024-02-16 18:31:16,52.2645176,06
512,21.0683756,8864,2024-02-16 21:41:04,52.2911986,5
512,21.049595,8865,2024-02-16 21:40:53,52.261196,4
138,21.0515746,8867,2024-02-16 21:41:00,52.2293845,4
500,21.050871,8868,2024-02-16 21:40:48,52.291246,1
240,21.047822,8869,2024-02-16 19:07:53,52.264414,3
512,21.0382773,8870,2024-02-16 21:41:00,52.2519761,1
340,21.0483505,8871,2024-02-16 15:10:37,52.2642453,02
731,21.047371,8872,2024-02-16 20:33:06,52.2635036,732
340,21.0458935,8873,2024-02-16 19:20:07,52.265109,05
140,21.0482773,8874,2024-02-16 19:10:43,52.2641953,09
140,21.0476756,8875,2024-02-16 20:16:08,52.2646631,07
245,21.1308433,8876,2024-02-16 21:41:05,52.2822371,2
140,21.048656,8877,2024-02-16 18:58:54,52.2645896,08
340,21.0485375,8878,2024-02-16 18:35:49,52.2645798,01
340,21.0485845,8879,2024-02-16 18:52:55,52.2645476,02
709,21.0178535,8880,2024-02-16 21:41:00,52.066846,7
141,21.0840138,8881,2024-02-16 21:41:01,52.2425273,8
168,21.1127215,8882,2024-02-16 21:41:01,52.236333,7
517,20.9846966,8883,2024-02-16 21:41:01,52.2197296,9
217,21.0246678,8884,2024-02-16 21:41:00,52.189701,4
709,20.9964951,8885,2024-02-16 19:10:54,52.1868911,012
168,21.004251,8886,2024-02-16 21:41:03,52.202258,5
168,20.9954638,8889,2024-02-16 21:41:02,52.191383,4
143,21.1363226,8890,2024-02-16 21:41:02,52.2420545,1
308,20.996507,8891,2024-02-16 18:55:11,52.1868721,02
148,21.04789,8892,2024-02-16 21:41:02,52.1623508,1
187,20.9016416,8893,2024-02-16 21:41:00,52.1994251,2
166,20.9965495,8894,2024-02-16 20:17:50,52.1862736,011
317,20.9603143,8895,2024-02-16 21:41:02,52.1843868,1
172,20.9803058,8896,2024-02-16 21:41:03,52.2101356,9
148,20.9977678,8897,2024-02-16 21:41:03,52.1876858,7
317,21.0450226,8898,2024-02-16 21:41:02,52.1748786,5
141,21.1049148,8899,2024-02-16 21:41:07,52.2342815,5
104,21.016075,9061,2024-02-16 19:37:20,52.318455,1
161,21.19729,9062,2024-02-16 21:41:06,52.171097,1
133,21.014248,9063,2024-02-16 21:40:49,52.317768,1
161,21.227064,9064,2024-02-16 21:41:06,52.18214,2
211,21.0151049,9065,2024-02-16 21:09:01,52.3185749,010
211,21.014923,9066,2024-02-16 20:19:07,52.318069,09
211,21.01512,9067,2024-02-16 20:10:19,52.318024,08
314,21.0160639,9068,2024-02-16 21:26:57,52.3184061,1
104,21.015036,9069,2024-02-16 19:49:36,52.318043,03
262,21.0162342,9070,2024-02-16 21:13:08,52.3185767,03
211,21.015045,9071,2024-02-16 20:27:54,52.318039,012
211,21.015009,9072,2024-02-15 19:25:44,52.318134,1
211,20.977526,9073,2024-02-16 21:40:39,52.303181,461
104,21.03327,9074,2024-02-16 21:41:03,52.334789,2
900,20.972239,9075,2024-02-16 21:41:04,52.320614,1
211,21.015041,9076,2024-02-16 20:29:45,52.318069,1
211,20.983173,9077,2024-02-16 21:40:45,52.302773,2
211,20.948273,9078,2024-02-16 21:41:08,52.331963,3
262,21.015053,9079,2024-02-16 21:23:18,52.318062,1
211,20.947149,9080,2024-02-12 21:33:30,52.332153,010
262,21.015343,9081,2024-02-16 21:41:08,52.318771,2
332,21.015167,9082,2024-02-16 19:03:54,52.318615,1
104,21.037157,9083,2024-02-16 21:41:05,52.307903,1
314,20.966465,9084,2024-02-16 19:55:50,52.318985,4
262,21.0161824,9086,2024-02-15 22:53:21,52.3185904,03
104,21.016108,9087,2024-02-15 13:13:03,52.318542,2
161,21.015404,9088,2024-02-16 21:28:11,52.318501,03
332,21.0151,9089,2024-02-15 16:59:41,52.317921,1
211,21.0153317,9090,2024-02-16 21:41:08,52.318351,011
332,21.01609,9092,2024-02-16 11:29:00,52.318398,1
314,21.014534,9093,2024-02-16 21:06:05,52.317799,454
314,21.014999,9094,2024-02-16 20:37:49,52.31805,2
305,20.8822152,9201,2024-02-16 21:41:07,52.2072662,1
209,21.03766,9202,2024-02-16 21:41:03,52.154833,572
133,20.9522921,9203,2024-02-16 21:41:05,52.316876,348
164,21.120797,9204,2024-02-16 21:41:07,52.157854,1
264,20.8823405,9205,2024-02-16 21:41:07,52.2080231,1
201,20.8822128,9206,2024-02-16 21:41:07,52.2080145,05
164,20.8821983,9207,2024-02-16 21:41:04,52.2078281,2
164,21.0852206,9208,2024-02-16 21:41:06,52.193268,3
201,20.9250045,9210,2024-02-16 21:41:05,52.2604698,2
201,20.930773,9211,2024-02-16 21:41:06,52.2660773,3
201,20.9488381,9212,2024-02-16 21:41:03,52.2396318,4
203,20.9282621,9214,2024-02-16 21:41:06,52.2912487,1
209,20.9753082,9215,2024-02-16 21:41:07,52.1352774,573
239,21.034979,9219,2024-02-16 21:41:04,52.155932,574
164,21.1369663,9220,2024-02-16 21:41:04,52.146855,2
201,20.9250534,9226,2024-02-16 21:41:07,52.2615066,1
209,20.9831568,9227,2024-02-16 21:41:07,52.131492,571
211,20.9258009,9228,2024-02-16 21:41:07,52.3480134,460
203,20.9204056,9229,2024-02-16 21:41:07,52.2757888,472
211,20.94051,9230,2024-02-16 21:41:08,52.3397109,5
264,21.0838506,9231,2024-02-16 21:41:07,52.1677482,1
211,20.874367,9232,2024-02-16 21:41:06,52.202331,6
349,20.8822718,9242,2024-02-16 21:41:05,52.2079635,1
239,20.8822208,9245,2024-02-16 21:41:05,52.2079556,775
Z12,20.8823146,9251,2024-02-16 21:41:07,52.2079701,1
133,20.959826,9252,2024-02-16 21:41:03,52.3335987,2
Z12,20.8920491,9253,2024-02-16 21:41:05,52.2852103,1
739,21.077629,9301,2024-02-16 01:42:41,52.268402,4
147,21.077635,9302,2024-02-10 10:12:12,52.267693,010
142,21.093662,9303,2024-02-16 21:41:07,52.244114,1
147,21.1447164,9304,2024-02-16 14:21:55,52.1994122,010
142,21.242081,9305,2024-02-16 21:41:08,52.169865,4
234,21.04707,9311,2024-02-16 21:41:05,52.317692,3
179,21.030956,9312,2024-02-16 21:40:59,52.142014,7
135,21.0833662,9313,2024-02-16 09:46:24,52.2326127,6
196,21.077116,9314,2024-02-16 21:41:05,52.268452,03
142,21.077944,9315,2024-02-16 21:41:06,52.268623,08
147,21.078011,9316,2024-02-16 21:41:08,52.268574,08
135,21.070694,9317,2024-02-16 21:41:07,52.246014,4
179,21.041046,9318,2024-02-16 21:41:03,52.176041,3
179,21.057453,9319,2024-02-16 21:41:04,52.133141,5
179,21.037014,9320,2024-02-16 21:41:07,52.162025,10
256,21.065638,9321,2024-02-16 21:41:01,52.327282,1
147,21.077505,9322,2024-02-16 21:41:06,52.267998,08
147,21.077496,9323,2024-02-16 20:41:18,52.267937,08
135,21.077333,9324,2024-02-16 21:41:08,52.268574,5
179,21.0625,9325,2024-02-16 21:41:04,52.146366,2
198,21.0779,9326,2024-02-16 21:41:07,52.267773,04
135,21.10714,9327,2024-02-16 21:41:05,52.248322,3
179,21.068623,9328,2024-02-16 21:41:05,52.128857,4
179,21.0541906,9329,2024-02-16 18:23:46,52.1388667,9
147,21.077644,9330,2024-02-16 21:41:05,52.267788,06
739,21.0396899,9331,2024-02-16 08:31:22,52.0804462,426
142,21.078184,9332,2024-02-16 21:41:01,52.268536,08
196,21.076288,9333,2024-02-16 21:41:07,52.268387,2
179,21.056719,9334,2024-02-16 21:41:07,52.152172,6
739,21.096184,9335,2024-02-16 21:41:05,52.260349,2
147,21.0523022,9336,2024-02-16 14:10:10,52.2502556,09
256,21.073666,9337,2024-02-16 21:41:04,52.322239,2
179,21.034821,9338,2024-02-16 21:41:08,52.150879,11
135,21.03668,9339,2024-02-16 21:41:07,52.253189,1
198,21.223761,9340,2024-02-16 21:41:08,52.253799,3
739,21.02433,9341,2024-02-16 21:41:04,52.179798,3
739,21.05019,9342,2024-02-16 21:41:08,52.102474,1
135,21.095169,9343,2024-02-16 21:41:06,52.2312,2
234,21.035002,9344,2024-02-16 21:41:06,52.317692,2
142,21.087883,9345,2024-02-16 21:41:06,52.244617,469
234,21.067087,9346,2024-02-16 21:41:08,52.338715,1
142,21.191875,9347,2024-02-16 21:41:08,52.171433,5
135,21.07803,9348,2024-02-16 21:41:09,52.268555,07
739,21.022413,9349,2024-02-16 21:41:08,52.179543,3
147,21.078093,9350,2024-02-16 21:41:04,52.268478,07
256,21.077192,9351,2024-02-16 21:41:07,52.268387,03
739,21.017303,9352,2024-02-16 21:41:06,52.167278,2
198,21.240355,9353,2024-02-16 21:41:08,52.216175,2
196,21.076851,9354,2024-02-16 21:41:06,52.268585,1
739,21.0445789,9355,2024-02-16 04:55:03,52.0992821,6
739,21.077707,9356,2024-02-16 21:41:03,52.268173,1
739,21.0406157,9357,2024-02-16 06:27:16,52.0962634,4
198,21.19153,9358,2024-02-16 21:41:08,52.256149,1
142,21.1566244,9359,2024-02-16 21:41:08,52.1699562,3
176,20.982296,9402,2024-02-16 21:41:06,52.355545,2
326,21.049881,9403,2024-02-16 21:40:24,52.361214,5
516,20.942083,9404,2024-02-16 21:40:58,52.333973,5
516,20.975191,9405,2024-02-16 21:40:59,52.316452,4
103,20.965185,9411,2024-02-16 21:40:58,52.252682,5
152,21.048386,9412,2024-02-16 21:40:58,52.326405,5
103,20.951044,9413,2024-02-16 21:41:04,52.281441,6
152,21.016045,9414,2024-02-16 21:41:04,52.318668,06
152,21.060392,9415,2024-02-16 21:41:03,52.315125,1
152,21.014973,9416,2024-02-16 21:30:41,52.31889,2
326,21.014925,9417,2024-02-16 21:41:05,52.318085,1
N64,21.015285,9418,2024-02-16 21:40:59,52.318985,2
157,20.990877,9419,2024-02-16 21:41:03,52.253037,430
516,20.940693,9420,2024-02-16 21:41:06,52.325478,1
152,20.952965,9421,2024-02-16 06:45:11,52.317383,3
356,21.015642,9422,2024-02-16 19:53:00,52.319088,02
356,21.015697,9423,2024-02-16 19:43:41,52.319103,02
157,20.978481,9424,2024-02-16 21:41:04,52.217106,3
326,21.015236,9425,2024-02-16 21:41:03,52.318615,1
176,21.015064,9426,2024-02-16 21:26:40,52.318916,04
152,20.952457,9427,2024-02-16 21:41:00,52.316986,4
103,20.96501,9428,2024-02-16 21:41:06,52.312416,1
157,20.957283,9429,2024-02-16 21:40:54,52.227947,4
516,20.952665,9430,2024-02-16 21:41:08,52.318844,2
356,21.014833,9431,2024-02-16 21:41:06,52.318123,01
326,21.015385,9432,2024-02-16 20:57:56,52.318993,07
157,20.986717,9433,2024-02-16 21:40:45,52.222847,5
176,21.01515,9434,2024-02-16 21:23:14,52.318932,03
103,20.927164,9435,2024-02-16 21:41:04,52.290146,7
157,20.986893,9436,2024-02-16 21:41:04,52.251457,6
516,21.000956,9437,2024-02-16 21:41:01,52.291172,3
157,21.015537,9438,2024-02-16 21:27:25,52.319027,9
326,21.014515,9439,2024-02-16 21:41:03,52.317886,1
103,21.015173,9440,2024-02-16 21:05:41,52.318569,010
157,20.97645,9441,2024-02-16 21:41:06,52.287842,8
157,20.976387,9442,2024-02-16 21:41:06,52.28986,10
356,21.015608,9443,2024-02-16 20:11:51,52.319057,03
103,20.945314,9444,2024-02-16 21:41:08,52.272194,2
743,21.01593,9445,2024-02-16 10:41:28,52.318825,3
326,21.015472,9446,2024-02-16 20:27:35,52.319042,06
103,21.015411,9447,2024-02-16 20:39:52,52.319031,09
743,20.700396,9448,2024-02-16 21:41:07,52.211845,3
157,21.015392,9449,2024-02-16 20:42:20,52.318996,011
157,21.015306,9450,2024-02-16 21:41:07,52.318504,1
743,20.891157,9451,2024-02-16 21:41:07,52.22591,2
103,20.969292,9452,2024-02-16 21:40:58,52.224792,4
176,21.017984,9453,2024-02-16 21:41:04,52.291523,1
326,21.015301,9454,2024-02-16 21:15:53,52.318935,2
157,21.015203,9455,2024-02-16 21:20:13,52.318951,7
103,20.967241,9456,2024-02-16 21:40:50,52.253246,3
326,21.015327,9457,2024-02-16 21:40:42,52.318512,4
326,21.01494,9458,2024-02-16 21:41:04,52.318855,3
743,21.015026,9459,2024-02-16 21:33:42,52.318871,2
146,21.117543,946,2024-02-16 21:41:01,52.23384,3
194,20.882318667,9501,2024-02-16 21:02:02,52.2077265,06
121,20.925144333,9502,2024-02-16 21:41:04,52.272525333,2
149,20.9138165,9503,2024-02-16 21:41:07,52.238050667,662
194,20.883251333,9505,2024-02-16 20:10:00,52.206124333,07
311,20.883927833,9506,2024-02-16 21:06:26,52.206388,04
121,20.968058667,9507,2024-02-16 21:41:08,52.272007167,3
149,20.898189667,9508,2024-02-16 21:41:05,52.2486515,1
149,20.897619167,9509,2024-02-16 21:41:05,52.2458125,663
220,20.882416,9510,2024-02-16 21:41:08,52.207750167,09
159,21.023389667,9511,2024-02-16 21:41:06,52.223979667,1
737,20.897833,9512,2024-02-16 21:41:05,52.056441333,54
194,20.930553,9513,2024-02-16 21:41:06,52.225031167,1
220,20.882990167,9514,2024-02-16 21:35:17,52.206767167,5
121,20.9724595,9515,2024-02-16 21:41:05,52.276002167,1
159,20.883841833,9516,2024-02-16 21:19:51,52.206477,2
311,20.882396333,9517,2024-02-16 20:38:31,52.207811333,05
121,20.883244167,9518,2024-02-16 20:44:28,52.206200667,04
159,20.9546,9519,2024-02-16 21:41:05,52.212001833,3
713,20.861919833,9520,2024-02-16 21:41:07,52.216104833,65
159,20.96722,9522,2024-02-16 21:41:08,52.218197167,4
715,20.961920167,9523,2024-02-16 21:41:08,52.127572333,56
220,20.900259833,9524,2024-02-16 21:41:07,52.18244,1
159,20.8830695,9525,2024-02-16 21:37:22,52.206787833,8
220,20.8823905,9526,2024-02-16 20:47:07,52.207596167,07
194,20.875290167,9527,2024-02-16 21:41:07,52.2007055,4
185,20.883197833,9528,2024-02-16 07:24:35,52.206670167,09
737,21.018182667,9529,2024-02-16 21:41:08,52.143619667,55
220,20.897250333,9530,2024-02-16 21:41:05,52.244747,3
707,20.883679167,9531,2024-02-16 21:41:06,52.206461833,02
159,20.971692333,9532,2024-02-16 21:41:01,52.220265833,6
220,20.925083,9533,2024-02-16 21:41:05,52.260737833,4
220,20.883787167,9534,2024-02-16 20:13:08,52.206340833,08
220,20.883658667,9535,2024-02-12 08:42:58,52.206922167,6
707,20.882501833,9536,2024-02-16 21:10:19,52.207679333,1
715,20.883932,9537,2024-02-16 21:21:17,52.206423667,058
712,20.883844167,9539,2024-02-16 20:21:57,52.206308167,02
737,21.0283065,9540,2024-02-16 21:41:08,52.150962833,52
194,20.883504,9541,2024-02-16 04:42:32,52.206810333,4
715,20.947113,9542,2024-02-16 21:41:06,52.121445833,53
712,20.916775333,9543,2024-02-16 21:41:08,52.239661667,1
713,20.745057,9545,2024-02-16 21:41:05,52.211686333,63
220,20.882456667,9547,2024-02-16 20:36:08,52.207757167,09
220,20.896961667,9548,2024-02-16 21:41:04,52.232294167,6
194,20.882397167,9549,2024-02-16 20:44:13,52.207708167,09
194,20.8835355,9550,2024-02-16 07:30:56,52.2068315,06
737,20.883775,9551,2024-02-16 20:24:03,52.206362,057
707,20.90174,9552,2024-02-16 21:41:05,52.139248333,02
159,21.032083,9553,2024-02-16 21:41:04,52.223258333,5
104,20.883040333,9554,2024-02-16 21:39:18,52.206752,04
194,20.892321833,9555,2024-02-16 21:41:04,52.2044655,2
220,20.882332,9556,2024-02-16 20:41:01,52.207742167,1
159,21.069228,9557,2024-02-16 21:41:07,52.202172167,7
715,20.8835215,9558,2024-02-16 21:33:17,52.206567167,058
220,20.900494833,9559,2024-02-16 21:41:07,52.190805,2
159,20.882957167,9560,2024-02-16 21:41:06,52.206553833,5
311,20.883058333,9561,2024-02-16 21:41:04,52.207152833,06
212,21.01404,9671,2024-02-13 23:17:44,52.318279,2
162,21.013678,9672,2024-02-16 20:07:54,52.318539,2
212,21.038279,9675,2024-02-16 21:41:08,52.263744,2
736,21.005995,9678,2024-02-16 21:41:08,52.384693,1
204,21.032007,9679,2024-02-16 21:41:06,52.293278,1
110,20.968456,9685,2024-02-16 21:41:07,52.272102,72
212,21.049191,9686,2024-02-16 21:41:08,52.292149,4
226,21.059593,9687,2024-02-16 21:41:03,52.306232,2
226,21.0147542,9689,2024-02-16 21:41:08,52.3183594,04
212,21.048573,9690,2024-02-16 21:41:03,52.28672,5
212,21.015083,9693,2024-02-16 21:41:06,52.318436,3
226,21.048729,9694,2024-02-16 21:41:04,52.340191,1
212,21.01342,9696,2024-02-16 13:10:46,52.318436,3
110,20.920767,9697,2024-02-16 21:41:08,52.282082,71
226,21.030376,9698,2024-02-16 21:41:04,52.293594,3
212,21.014105,9699,2024-02-16 21:41:06,52.31852,1
131,20.88675,9801,2024-02-16 21:41:03,52.206452,014
131,21.01558,9802,2024-02-16 21:41:03,52.21831,7
185,21.063073,9803,2024-02-16 21:41:03,52.187333,1
817,20.882653,9804,2024-02-16 21:41:05,52.20752,04
185,20.9757233,9805,2024-02-16 21:41:07,52.28966,4
131,20.882844,9806,2024-02-16 21:41:03,52.20737,1
167,20.88261,9807,2024-02-16 21:41:04,52.20766,10
167,21.050293,9808,2024-02-16 21:41:03,52.21247,12
131,20.85963,9809,2024-02-16 15:08:03,52.11625,016
817,20.882493,9810,2024-02-16 21:41:08,52.20745,03
131,21.01581,9811,2024-02-16 21:41:02,52.221421,12
131,21.043061,9812,2024-02-16 21:41:06,52.2067,13
167,21.082871,9813,2024-02-16 21:41:02,52.20833,1
167,20.8829346,9814,2024-02-16 21:41:08,52.206955,017
167,20.953782,9815,2024-02-16 21:41:06,52.22751,3
167,20.88261,9816,2024-02-16 21:41:05,52.2077,4
167,20.883461,9817,2024-02-16 21:41:07,52.20615,014
131,21.003281,9818,2024-02-16 21:41:07,52.22905,8
167,20.883408,9819,2024-02-16 21:41:05,52.206162,4
185,20.882714,9820,2024-02-16 21:41:05,52.207551,5
167,20.896615,9821,2024-02-16 21:41:08,52.24169,5
167,20.885094,9822,2024-02-16 21:41:03,52.26458,7
167,20.88274,9823,2024-02-16 21:41:07,52.20728,016
185,20.882775,9824,2024-02-16 21:41:02,52.2075,013
167,20.940964,9825,2024-02-16 21:41:04,52.23407,8
185,20.882813,9826,2024-02-16 21:41:04,52.20739,12
167,20.96776,9827,2024-02-16 21:41:07,52.21428,9
167,20.88296,9828,2024-02-16 21:41:07,52.206971,6
185,21.022042,9829,2024-02-16 21:40:37,52.142685,11
185,20.883187,9830,2024-02-16 21:41:08,52.2068635,12
185,20.883172,9831,2024-02-16 21:41:06,52.20699,2
131,20.88163,9832,2024-02-16 21:41:06,52.20754,2
167,20.99538,9833,2024-02-16 21:41:08,52.21659,013
185,21.0073166,9834,2024-02-16 21:41:03,52.259751,3
131,21.004296,9835,2024-02-16 21:41:05,52.2302,4
185,20.883004,9836,2024-02-16 21:41:07,52.20731,432
185,21.037102,9837,2024-02-16 21:41:04,52.14586,12
185,20.984803,9838,2024-02-16 21:41:05,52.271,6
167,21.00815,9839,2024-02-16 21:41:08,52.20841,601
185,20.881875,9840,2024-02-16 21:41:05,52.20725,9
131,21.051392,9841,2024-02-16 21:41:05,52.17884,6
131,21.0149416,9842,2024-02-16 21:41:03,52.217476,9
131,20.882569,9843,2024-02-16 21:41:06,52.20769,5
131,20.883652,9844,2024-02-16 21:41:07,52.2056,3
185,21.0453,9845,2024-02-16 21:41:07,52.2203,7
185,21.03461,9846,2024-02-16 21:41:07,52.16616,8
817,20.882638,9847,2024-02-16 21:41:05,52.2076,01
817,20.882798,9848,2024-02-16 21:41:07,52.20742,02
131,21.0059433,9849,2024-02-16 21:41:03,52.228684,1
167,20.89841,9850,2024-02-16 21:41:07,52.25838,016
167,21.046593,9851,2024-02-16 21:41:08,52.213563,2
131,20.88212,9853,2024-02-16 21:41:06,52.207139,10
131,21.083985,9854,2024-02-16 21:41:07,52.16813,11
114,21.041868,9901,2024-02-16 21:40:53,52.300228,6
112,20.875229,9902,2024-02-16 21:40:56,52.279205,013
210,20.875874,9903,2024-02-16 21:40:52,52.280449,4
114,20.933876,9904,2024-02-16 21:40:54,52.271347,4
112,20.873905,9905,2024-02-16 21:41:03,52.279377,014
114,20.875147,9906,2024-02-16 21:40:55,52.279205,M23
112,20.937984,9907,2024-02-16 21:40:45,52.274956,016
114,20.879238,9908,2024-02-16 21:41:03,52.29631,011
186,20.976162,9909,2024-02-16 21:41:06,52.315918,3
719,20.874048,9910,2024-02-16 21:41:03,52.279366,08
193,20.873793,9911,2024-02-15 00:11:04,52.279388,1
511,20.874737,9912,2024-02-16 21:41:02,52.278294,05
114,20.874199,9913,2024-02-16 21:41:04,52.279358,21
150,20.873909,9914,2024-02-16 21:41:04,52.279377,1
186,20.874584,9915,2024-02-16 21:41:07,52.279346,6
210,20.875172,9916,2024-02-16 21:41:08,52.278465,6
193,21.040339,9917,2024-02-16 21:41:05,52.171307,4
193,20.897509,9918,2024-02-16 21:41:02,52.221336,5
193,20.99535,9919,2024-02-16 21:41:06,52.170204,3
112,20.874186,9920,2024-02-16 21:41:07,52.27935,012
193,21.036943,9921,2024-02-16 21:41:05,52.161919,1
210,20.933907,9922,2024-02-16 21:41:01,52.289059,5
114,20.917196,9923,2024-02-16 21:41:03,52.312885,2
186,20.874632,9925,2024-02-16 21:40:53,52.279324,8
210,20.928204,9926,2024-02-16 21:41:03,52.291092,3
114,20.873983,9927,2024-02-16 21:41:07,52.279373,8
114,21.042629,9928,2024-02-16 21:40:33,52.298759,7
114,20.990097,9929,2024-02-16 21:40:26,52.283691,9
719,20.874933,9930,2024-02-16 21:40:46,52.278297,09
210,20.820343,9932,2024-02-16 21:41:06,52.291637,2
186,20.951319,9933,2024-02-16 21:41:06,52.259678,4
719,20.874453,9934,2024-02-16 21:05:32,52.279335,06
114,20.874771,9935,2024-02-16 21:40:41,52.278976,010
193,21.036669,9936,2024-02-16 21:40:40,52.173481,2
114,20.996681,9937,2024-02-16 21:41:05,52.288116,5
186,20.875492,9938,2024-02-16 21:41:08,52.278984,9
114,20.874123,9939,2024-02-16 21:41:02,52.279369,M22
210,20.836441,9940,2024-02-16 21:41:07,52.291042,6
186,20.975121,9941,2024-02-16 21:41:02,52.204689,494
511,20.873585,9942,2024-02-09 13:24:36,52.279407,05
186,20.963806,9943,2024-02-16 21:41:01,52.207794,10
186,20.976658,9944,2024-02-16 21:41:08,52.278839,11
210,20.76741,9945,2024-02-16 21:40:30,52.307789,1
114,20.944588,9946,2024-02-16 21:41:06,52.271927,1
114,20.873728,9947,2024-02-16 21:41:07,52.2794,4
114,21.042202,9948,2024-02-02 06:35:05,52.295082,3
186,20.913349,9949,2024-02-16 21:40:31,52.283398,1
186,20.942223,9950,2024-02-16 21:41:08,52.334133,2
114,20.874565,9951,2024-02-16 21:40:46,52.278347,4
210,20.873821,9952,2024-02-16 21:40:53,52.279373,5
719,20.874559,9953,2024-02-16 21:40:47,52.279297,07
186,20.952726,9954,2024-02-16 21:41:03,52.318272,12
184,20.964037,9955,2024-02-16 21:40:45,52.208096,495
